title,date,content,url
Household Private Education Costs Drop First Time Since COVID-19,,"By Choi On-jung(ChosunBiz) Published 2025.12.21. 11:14 Households with children have seen their private education expenses decrease for the first time since the spread of the novel coronavirus disease (COVID-19). This decline is attributed to overall reduced consumption. According to the National Statistical Portal (KOSIS) on the 21st, the average monthly private education expenditure for married couples with unmarried children in the third quarter of this year was 413,000 Korean won, a 0.7% decrease from a year ago. This marks the first year-on-year decline in private education costs for households with children since the fourth quarter of 2020, five years ago. The reduction in private education spending aligns with broader consumption trends. The average propensity for consumption among households with unmarried children in the third quarter of this year was 68.0%, down 2.3 percentage points from the previous year. The average propensity for consumption refers to the ratio of consumption expenditure to disposable income, which is calculated by subtracting non-consumption expenses like taxes from total income. The average disposable income of households with unmarried children increased by 5.3% to 6,661,000 Korean won compared to a year ago, while consumption expenditure rose by only 1.9% to 4,532,000 Korean won. · This article has been translated by Upstage Solar AI. 원문보기 (View Original Korean Article) Editor’s Pick Korean Markets Face Record Volatility, Sidecars 2h ago | Choi Hyung-seok Ex-Ssangbangwool Chairman Faces Retrial in North Korea Bribery Case 1h ago | Kim Hyun-soo Volkswagen Plans Record 100,000 Job Cuts in Restructuring 1h ago | Han Ye-na",https://www.chosun.com/english/market-money-en/2025/12/21/BWMLG3HSDBGX3JUWLDJXGVN7JY/
"South Korea's FDI Slump, Dollar Export Settlements Decline",,"By Choi On-jung(ChosunBiz) Published 2025.12.21. 10:54 It has been identified that the performance in attracting foreign direct investment (FDI), which helps expand the dollar supply, has been sluggish. FDI refers to foreign investors establishing factories domestically or acquiring management rights with the purpose of participating in the management of Korean companies. This process leads to an inflow of dollars, resulting in a decrease in the won-to-dollar exchange rate. According to the Ministry of Data and Statistics, the former Statistics Korea, National Statistical Portal, KOSIS, on the 21st, this year’s third-quarter FDI attraction performance (based on reports) was approximately $7.57 billion, 23.1% less than a year ago. Looking at the quarterly growth rates, it has decreased for three consecutive quarters since the first quarter of this year (-9.2%). The rate of decrease was 9.2% in the first quarter, 19.1% in the second quarter of this year, and further increased in the third quarter. Accordingly, the cumulative FDI amount from the first to third quarters of this year is around $20.67 billion. This is a reduction of approximately $4.51 billion (17.9%) compared to the same period last year. The ratio of receiving dollars through exports has also decreased. According to the Bank of Korea’s balance of payments statistics, the proportion of export payments settled in dollars in the second quarter of this year was 83.5% of total exports, down 0.9 percentage points from a year ago. Meanwhile, settlements in Korean won increased by 0.9 percentage points to 3.5%, and those in euros rose by 0.1 percentage points to 6.2%. Meanwhile, the government is implementing various measures to increase the supply of US dollars by promoting foreign investment in the country. To prevent commercial banks from hoarding foreign currency, it has decided to temporarily postpone until June next year the supervisory measures applied to financial institutions that fail the foreign currency liquidity stress test. The foreign currency liquidity stress test is a system that evaluates whether financial institutions can withstand a crisis situation where foreign currency funds rapidly outflow. For a certain period, foreign currency inflows must exceed outflows without fail each day. If this is not met, the institutions must submit a liquidity expansion plan to the supervisory authorities. · This article has been translated by Upstage Solar AI. 원문보기 (View Original Korean Article) Editor’s Pick Korean Markets Face Record Volatility, Sidecars 2h ago | Choi Hyung-seok Ex-Ssangbangwool Chairman Faces Retrial in North Korea Bribery Case 1h ago | Kim Hyun-soo Volkswagen Plans Record 100,000 Job Cuts in Restructuring 1h ago | Han Ye-na",https://www.chosun.com/english/market-money-en/2025/12/21/ZU5G3HZS65GB3FVI6RDSGP7CH4/
South Korea's 40s Employment Slump Hits 41 Months,,"By Choi On-jung(ChosunBiz) Published 2025.12.21. 10:01 The number of employed people in their 40s, a key pillar of South Korea's consumption and employment, has been decreasing for 3 years and 5 months. According to the Ministry of Data and Statistics, formerly the Statistics Korea, via the national statistical portal, KOSIS, on the 21st, the number of employed people in their 40s last month was 6,154,000, a decrease of 9,000 from the same month last year. This marks the 41st consecutive month of decline since July 2022. Job seekers look at a job posting bulletin board. /News1 After decreasing for 67 consecutive months from November 2015 to May 2021, the number of employed people in their 40s saw a slight increase but has resumed a long-term downward trend. The proportion of employed people in their 40s among all employed individuals stands at 21.2%, the lowest level for November since 1995. The primary cause of the sluggish employment among people in their 40s is the 'decline in population.' The population in their 40s last month decreased by 129,000 compared to the same month last year. An optical illusion effect, where the employment rate (80.7%) appears to have risen as the population declined faster than the number of employed individuals, is also occurring. The sluggish manufacturing sector is also cited as a major factor in the contraction of employment among people in their 40s. Employment in the manufacturing sector, which has a high proportion of people in their 40s, has been decreasing for 17 consecutive months. There are also diagnoses that the employment stability has rapidly weakened as large companies have lowered the age for voluntary retirement to the 40s, citing reasons such as the introduction of artificial intelligence (AI). As employment contracts, household spending by households headed by individuals in their 40s is also decreasing. According to the Household Trends Survey, the growth rate of consumption expenditure for households headed by individuals in their 40s, based on non-agricultural, forestry, or fishery households with two or more members, was limited to 1.4% in the third quarter of this year. This is the lowest level in nine quarters since the second quarter of 2023. · This article has been translated by Upstage Solar AI. 원문보기 (View Original Korean Article) Editor’s Pick Korean Markets Face Record Volatility, Sidecars 2h ago | Choi Hyung-seok Ex-Ssangbangwool Chairman Faces Retrial in North Korea Bribery Case 1h ago | Kim Hyun-soo Volkswagen Plans Record 100,000 Job Cuts in Restructuring 1h ago | Han Ye-na",https://www.chosun.com/english/market-money-en/2025/12/21/3XTTHRS7FVAKLHOMSL74KA3FBI/
"요리하기도, 먹기도 귀찮은 여름… '차가운 단백질'을 쟁여두라",,"밥상 리셋 요리하기도, 먹기도 귀찮은 여름… '차가운 단백질'을 쟁여두라 김형미 입력 2026.07.08. 03:00 0 [30년 병원 영양사의 단백질 보충 식단] 냉면 대신 콩국수, 샐러드에 토핑 추가 체력 지키려면 매끼 '단백질 20g' 챙겨야 지난주에는 현대인의 보양 기준이 바뀌어야 한다고 말씀드렸습니다. 연령과 건강 상태, 활동량을 고려하지 않고, 삼계탕이나 장어 같은 것을 과식하면 소화 부담과 열량 과잉으로 이어지기 때문입니다. 여름철에는 그 반대 문제도 나타납니다. 더위가 심해지면 입맛이 없어지고, 조리는 번거롭고, 오래 씹는 일까지 귀찮아집니다. 찬밥에 물 말아 먹기, 과일, 떡이나 빵, 메밀국수, 냉면 같은 것으로 ‘빠른 한 끼’를 해결하고 싶어집니다. 이 모든 것이 탄수화물 중심의 식사라는 건, 이제 잘 알고 계시지요? 이런 식사가 반복되면 몸의 회복이 늦어질 뿐 아니라, 결국 늦은 밤의 폭식으로 이어지기 쉽습니다. 여름은 몸이 더 많은 일을 하는 계절 우리 몸은 여름에 더 많은 일을 합니다. 체온을 일정하게 유지하기 위해 땀을 흘리고, 심장은 피부로 더 많은 혈액을 보내 열을 방출하려고 더 힘차게 일합니다. 이 과정에서 수분과 전해질은 지속적으로 손실되고, 체온 조절을 위한 에너지 소비도 계속됩니다. 이때 식사가 지나치게 부실해지면 몸은 필요한 에너지와 영양소를 충분히 공급받지 못합니다. 조선멤버십 전용 콘텐츠입니다. 조선멤버십 가입하신 후 더 많은 콘텐츠를 만나보세요! 시작하기 혜택보기",https://www.chosun.com/medical/2026/07/08/ZSJBT66LVFD4XOMEYVGBWAKUI4/
세계 경제의 취약점 극복을 위한 정책 규율과 과제,,"WEEKLY BIZ 세계 경제의 취약점 극복을 위한 정책 규율과 과제 파블로 에르난데스 데 코스 BIS 사무총장 입력 2026.07.10. 10:09 업데이트 2026.07.10. 10:15 0 BIS 사무총장 특별 기고 Pablo Hernández de Cos(파블로 에르난데스 데 코스) BIS 총재. /BIS 세계 경제의 취약점들이 중앙은행의 물가 및 금융안정 책무 수행을 더욱 복잡하게 만들고 있습니다. 금융 및 재정 부문의 위험요인들은 경제 발전을 저해하고 미래의 번영을 위협할 가능성이 있습니다. 아울러, 인공지능 (AI) 호황 상황이 조정 국면에 들어갈 수 있고, 빈번해지는 공급충격이 인플레이션을 더욱 고착화시킬 우려가 있습니다. 지금까지 세계 경제와 금융시스템은 견실함을 유지하였으나, 앞으로 이를 당연시할 수는 없습니다. 현재 세계 경제가 당면한 과제들은 미래를 대비하기 위하여 경제 기반을 강화하고 금융시스템의 안정을 도모하는 단호하고 체계적인 조치를 요구하고 있습니다. 이를 위해 정책당국은 1) 물가 안정 달성 2) 재정 건전성의 재건 및 3) 은행의 범위를 넘어서는 광범위한 금융안정 도모 등 세 가지 우선과제들에 중점을 둘 필요가 있습니다. 조선멤버십 전용 콘텐츠입니다. 조선멤버십 가입하신 후 더 많은 콘텐츠를 만나보세요! 시작하기 혜택보기",https://www.chosun.com/economy/weeklybiz/2026/07/10/6LNU4BLAOZFY3MRMRWI3F5IZBQ/
"병적기록 공개 않는다는 안규백... 국방부 ""퇴임 후 기록 정정 청구""",,"양지호 기자 입력 2026.07.10. 14:04 업데이트 2026.07.10. 15:18 240 국방부는 안규백 장관이 방위병으로 복무하면서 근무지를 이탈했다는 의혹과 관련해 “탈영 (주장)은 명백한 허위”라며 장관 임기가 끝나면 병적기록 오류에 대해 정정을 청구하겠다고 10일 밝혔다. 하지만 야권에서 요구하고 있는 병적기록 공개 요구에는 응하지 않겠다는 입장을 분명히 했다. 안규백 국방부 장관이 지난 1일 오전 서울 용산구 국방부 대회의실에서 열린 2026년 전반기 전군주요지휘관회의에서 모두발언을 하고 있다./뉴스1 국방부 관계자는 이날 기자들과 만나 “탈영 (주장은) 명백한 허위”라고 했다. 이 관계자는 “(인사청문회 당시) 성균관대 학적부에 따르면 1983년 11월 5일 입대해 1985년 1월 4일 제대 사실이 분명하다”라며 “탈영해서 추가복무를 7개월 했다는 주장이 사실이라면 어떻게 1985년 1학기 대학 성적이 있는지 반문하고 싶다”고 했다. 안 장관의 방위병 복무 기간은 통상적인 14개월이 아닌 22개월로 병적기록부에 기록돼 있는 것으로 알려졌다. 이에 지난해 7월 인사청문회 당시 야당에서는 근무지 이탈 혹은 영창 입소 의혹을 제기했다. 인사청문회 이후 잦아들었던 논란은 지난 6일 예비역 해군 소령인 김영수 ‘청렴사회를 위한 공익신고센터’ 센터장이 국회 기자회견을 열고 공개 문제제기를 하며 다시 불거졌다. 김 소장은 안 장관이 1983년 11월 방위병으로 소집돼 육군 제35사단 전북 고창군 대산면 중대에서 복무하던 중 약 7개월간 위법적으로 군무를 이탈했다고 주장하고 있다. 안 장관이 30일 구금됐고 이후 7개월을 더 복무하면서 복무기간이 22개월이 됐다는 것이다. 반면 안 장관은 인사청문회에서 복무 중 자신의 집안에서 부대 현역병에게 점심을 제공한 것과 관련해 군 관계기관의 조사를 3~4일 가량 받았고, 이와 관련해 1985년 1학기를 마치고 여름방학 중 해당 기간을 마저 채우기 위해 ‘며칠’ 더 근무했다고 설명했다. 이 과정에서 마지막 복무 시점이 전역일로 잡히면서 8개월 가량 더 복무한 것처럼 기록이 남았다는 것이다. 야권 일각에서 의혹 해소를 위해서는 ‘병적기록을 공개해야 한다’는 주장에 국방부는 선을 그었다. 국방부 관계자는 “40년 전 잘못된 기록을 공개한다면 사실관계와 상관없이 잘못된 기록만이 머리에 남지 않겠나”라며 “오해만 더 키울 것이어서 공개하지 않은 것”이라고 설명했다. 이 관계자는 병적기록에 ‘구금 30일’이라는 표현이 있는지에 대한 질문에는 “확답하기 어렵다”고 했다. 안규백 장관은 2016년 처음 병적 기록 오류를 발견했다고 주장하고 있다. 하지만 약 10년이 지난 지금까지도 병적기록을 정정하지 않고 있다. ‘정말 병무행정의 피해자라면 왜 병적 기록을 정정하지 않느냐’는 지적에 대해 국방부 관계자는 “국방장관 신분으로 정정 청구를 한다면 또 다른 논란이 나올 수 있지 않겠나”라며 “부여된 일을 마치고 권력이 없는 신분으로 돌아갈 때 정정 청구 및 추가 조치를 할 계획”이라고 말했다. 국방부 내에는 현직 장관 신분으로 병적기록 수정을 요구할 경우 실무를 담당하는 국방부 관련 부서와 병무청이 공정하게 처리하지 않았다며 야권에서 문제제기를 할 수 있다는 우려가 있는 것으로 전해졌다. 안 장관은 10일 나토(북대서양조약기구) 출장을 마치고 귀국했지만 군무 이탈 의혹이나 사관학교 통합과 관련한 메시지는 내지 않고 있다. 영문 기사 보기 (View English Article) 안규백 국방부 관련 기사 국방장관의 '탈영 논란' 재점화... 방위병 복무 때 군무 이탈 의혹 안규백 국방부 장관이 방위병 복무 시절 군무이탈을 했다는 의혹이 정치권에서 재점화하고 있다. 안 장관의 ‘군무이탈’ 의혹은 지난해 7월 국회 인... '국방장관 탄핵' 국민청원 10만명 넘어 국회가 안규백 국방부 장관을 탄핵 소추해 달라는 국민 청원이 23일 10만명을 넘겼다. 국회 국방위원회 소속 유용원 국민의힘 의원은 “현재 추진... 양지호 기자 국방부 출입기자 정치부에서 2024년부터 국방부를 출입하고 있다. 최전방 GOP 방문, 연평도 현장 취재 등을 통한 현장 기사, 한국군 병력 부족과 관련한 분석 기사 등을 써 왔다. 구독 구독수 869 00:00 / 01:35 Technology and Trends in Gangnam Read Article 100자평 240 도움말 삭제기준 최신순 관심순 정직한 2026.07.10 17:03 리재명이 방식이구나. 공소취소나 셀프 사면이나 법을 지맘대로 개정해서 죄를 없애겠다는 방식. 안규배기 이노미 정부 공식기록을 지 맘대로 고치겠단다. 족보도 바로잡아라. 김일성이가 외조부라고. 답글작성 0 0 민주대한 2026.07.10 17:03 비밀이 왜 그렇게 많은가 답글작성 0 0 napsemi 2026.07.10 17:03 국민들은 어떻게 되든 상관없고 재명이에게만 충성 하는 방위병 정신. 역시 대단해요. 민주당 집권후 다들 철면피 들 천국. 코인. 양자역학. 돈봉투. 에휴. 이런 인간들 찍어주는 국민들까지  나라가 멍멍이판 . 어른 애들이 뭘 보고 배우겠니. 천천히 무너지는거지. 좌파들이 많든 세상. 공정 이미 날라갔다. 망할 일만 남음. 답글작성 0 0 더보기 AI 추천 오늘의 멤버십 김한수의 @쉼 간절한 소원 담아 쌓은 돌탑, 태풍에 다 쓸려가자 백담사 스님 曰 윤희영어 경찰이 외치는 ‘Freeze!’와 ‘Stay put!’의 차이 AI 추천 오늘의 멤버십 김한수의 @쉼 간절한 소원 담아 쌓은 돌탑, 태풍에 다 쓸려가자 백담사 스님 曰 윤희영어 경찰이 외치는 ‘Freeze!’와 ‘Stay put!’의 차이 AI 추천 오늘의 멤버십 김한수의 @쉼 간절한 소원 담아 쌓은 돌탑, 태풍에 다 쓸려가자 백담사 스님 曰 윤희영어 경찰이 외치는 ‘Freeze!’와 ‘Stay put!’의 차이 By Taboola By Taboola 당신이 좋아할 만한 콘텐츠 AD ""당뇨"" 심각환자... 혈당 뚝 낮춰주었던 1가지 습관 김여사 더 알아보기 돌아가기 AD 당수치 뚝 떨어트린 고혈당 환자... 중요했던 1가지 습관 김여사 더 알아보기 돌아가기 홍상수 감독 '눈 둘 데가 없네', 로카르노영화제 경쟁부문 초청 돌아가기 유나, '황금 골반' 드러낸 과감 수영복핏..ITZY 완전체 민낯 공개 돌아가기 AD [화제] 취등록세·보험료 0원, 신차보다 똑똑한 내차 타는 방법! 오토허브 견적 받기 돌아가기 AD 미국 유학 중인 자녀를 위해 영주권 취득이 꼭 필요한 이유 클럽이민 더 알아보기 돌아가기 정치 많이 본 뉴스 병적기록 공개 않는다는 안규백... 국방부 ""퇴임 후 기록 정정 청구"" 국방부는 안규백 장관이 방위병으로 복무하면서 근무지를 이탈했다는 의혹과 관련해 “탈영 (주장)은 명백한 허위”라며 장관 임기가 끝나면 ... 장동혁 ""한동훈, 해당행위 아닌 범죄행위로 제명당한 것"" 국민의힘 장동혁 대표가 10일 “계속해서 ‘끌어안아야 된다’ ‘뺄셈 정치 하지 마라’고 하는데 우리 편을 향해 총을 쏘는 사람은 마이너... 장동혁 ""한동훈, 해당행위 아닌 범죄행위로 제명당한 것"" 국민의힘 장동혁 대표가 10일 “계속해서 ‘끌어안아야 된다’ ‘뺄셈 정치 하지 마라’고 하는데 우리 편을 향해 총을 쏘는 사람은 마이너... By Taboola By Taboola 지금 뜨는 콘텐츠 AD 학대 당한 동물들이 더 나은 오늘을 살 수 있도록 당신의 후원을 기다립니다 동물자유연대 돌아가기 AD 무니코틴 주제에 타격감은 연초급?! 레딜 돌아가기 '심혜진 친조카' 심재원 ""19살에 母 별세..이모가 빈자리 다 메꿔줘"" 뭉클 가족사 ('조선의 사랑꾼') 돌아가기 NCT 재현, 휴가 영상 열애설 해명…“사랑하는 사촌동생” 돌아가기",https://www.chosun.com/politics/diplomacy-defense/2026/07/10/RSUJIIJHGBHMTIXKNEH7MQB6WQ/
"이경실, 부산행 KTX 민폐 사과 ""조용해 달라는 지적 받아..이성 잃었다""",,"OSEN 입력 2026.07.09. 16:54 업데이트 2026.07.09. 17:13 12 [OSEN=하수정 기자] 코미디언 이경실이 부산행 KTX에서 소음을 지적받은 것에 대해 사과했다. 이경실은 9일 “정말 아주 오랜만에 대학 친구들과 알찬 1박2일 부산여행을 다녀왔다. 모두가 바빠 좀처럼 짬이 안 나는 스케줄 1달전 부터 조정하고 실행했다”며 장문의 글을 남겼다. 이어 “7일 화요일 오전 8시15분 부산행 KTX, 역에서 근무하는 후배님 만나 오랜만에 인사 나누고 3명이 나란히 A·B·C 좌석 쪼르르 앉아 들뜬 여행 시작 그 기분으로 대화하니 조용히 해달라는 지적도 받았습니다. 죄송합니다. 친구들과의 여행에 잠시 이성을 잃었다는..그리고 이제 잘 안 들리나 봐요ㅠㅠ”라며 혹시 모를 피해를 받은 승객들에게 진심으로 사과했다. 또한 이경실은 지인들과의 여행 에피소드를 장문의 글에 담아 쭉 나열했고, “#꿈같은친구들과의1박2일부산여행 #감사합니다”라고 마무리했다. 공개된 사진 속에는 이경실이 대학 친구들을 비롯해 지인들과 즐겁고 행복한 부산 여행을 보낸 모습이 담겨 있다. 여기에 지적 받았던 소음 관련 문제도 빠르게 SNS에 다시 한번 사과해 눈길을 끌었다. 한편 이경실은 연극 ‘사랑해 엄마’에서 억척스럽지만 강인한 엄마로 분해 열연 중이다. 딸이자 배우 손수아와 한 작품에 동반 출연 중이고, 두 사람은 실제 모녀 사이지만, 극 중에서는 ‘예비 고부’ 관계를 연기하고 있다. / hsjssu@osen.co.kr [사진] 이경실 SNS 영문 기사 보기 (View English Article) Video Player is loading. Pause Next Unmute Current Time 0:04 / Duration 1:37 Loaded : 41.21% 0:04 Stream Type LIVE Seek to live, currently behind live LIVE Remaining Time - 1:33 1x Playback Rate Chapters Chapters Descriptions descriptions off , selected Subtitles subtitles settings , opens subtitles settings dialog subtitles off , selected Audio Track Ladin , selected Fullscreen This is a modal window. Beginning of dialog window. Escape will cancel and close the window. Text Color White Black Red Green Blue Yellow Magenta Cyan Transparency Opaque Semi-Transparent Background Color Black White Red Green Blue Yellow Magenta Cyan Transparency Opaque Semi-Transparent Transparent Window Color Black White Red Green Blue Yellow Magenta Cyan Transparency Transparent Semi-Transparent Opaque Font Size 50% 75% 100% 125% 150% 175% 200% 300% 400% Text Edge Style None Raised Depressed Uniform Dropshadow Font Family Proportional Sans-Serif Monospace Sans-Serif Proportional Serif Monospace Serif Casual Script Small Caps Reset restore all settings to the default values Done Close Modal Dialog End of dialog window. Backward Skip 10s Play Video Pause Video Forward Skip 10s 100자평 12 도움말 삭제기준 최신순 관심순 Yabarahiya 2026.07.10 17:01 예능이든 어디든 저 놈의 과장된 웃음소리 정말로 꼴보기 싫었는데 좀 조용히 삽시다. 답글작성 0 0 dekim88 2026.07.10 16:44 오랜만에 반가운 친구를 만나면 목소리 크기가 맘대로 조절되지 않을 때가 있습니다. 지적을 받았다니 목소리가 상당히 커졌나 보네요. 죄송하다고 사과하고, 다음에는 조심하겠다고 생각하는 수밖에요. 그러고도 또 그런 상황이 오면 또 실수를 하는 게 인간이기는 합니다. ㅎ 답글작성 2 0 회원49276892 2026.07.10 16:41 어딜가나 티나네 근본을 무시못하는거지 무식하긴ㅉㅉ 답글작성 0 0 더보기 AI 추천 오늘의 멤버십 김한수의 @쉼 간절한 소원 담아 쌓은 돌탑, 태풍에 다 쓸려가자 백담사 스님 曰 윤희영어 경찰이 외치는 ‘Freeze!’와 ‘Stay put!’의 차이 AI 추천 오늘의 멤버십 김한수의 @쉼 간절한 소원 담아 쌓은 돌탑, 태풍에 다 쓸려가자 백담사 스님 曰 윤희영어 경찰이 외치는 ‘Freeze!’와 ‘Stay put!’의 차이 AI 추천 오늘의 멤버십 김한수의 @쉼 간절한 소원 담아 쌓은 돌탑, 태풍에 다 쓸려가자 백담사 스님 曰 윤희영어 경찰이 외치는 ‘Freeze!’와 ‘Stay put!’의 차이 By Taboola By Taboola 당신이 좋아할 만한 콘텐츠 AD 미국 유학 중인 자녀를 위해 영주권 취득이 꼭 필요한 이유 클럽이민 더 알아보기 돌아가기 AD [화제] 취등록세·보험료 0원, 신차보다 똑똑한 내차 타는 방법! 오토허브 견적 받기 돌아가기 '김부장' 최대훈, ♥아내는 '세계 미인대회 3위' 장윤서..일·사랑 다가졌다[핫피플] 돌아가기 유나, '황금 골반' 드러낸 과감 수영복핏..ITZY 완전체 민낯 공개 돌아가기 AD 정수기 월 렌탈료가 0원일 수 있나요? 쿠쿠 더 알아보기 돌아가기 AD 무니코틴 주제에 타격감은 연초급?! 레딜 돌아가기 연예 많이 본 뉴스 이경실, 부산행 KTX 민폐 사과 ""조용해 달라는 지적 받아..이성 잃었다"" [OSEN=하수정 기자] 코미디언 이경실이 부산행 KTX에서 소음을 지적받은 것에 대해 사과했다.이경실은 9일 ""정말 아주 오랜만에 대... 이종석·아이유, 4년 열애 끝 결별… 결별 사유 함구 ""좋은 동료로"" [공식입장] [OSEN=장우영 기자] 배우 이종석와 아이유가 4년 열애 끝에 결별했다. 10일 이종석의 소속사 에이스팩토리 측은 OSEN에 “(이종... 이종석·아이유, 4년 열애 끝 결별… 결별 사유 함구 ""좋은 동료로"" [공식입장] [OSEN=장우영 기자] 배우 이종석와 아이유가 4년 열애 끝에 결별했다. 10일 이종석의 소속사 에이스팩토리 측은 OSEN에 “(이종... By Taboola By Taboola 지금 뜨는 콘텐츠 AD 학대 당한 동물들이 더 나은 오늘을 살 수 있도록 당신의 후원을 기다립니다 동물자유연대 돌아가기 AD 충격! 발톱무좀이라면 모르면 절대안되는 팩트! 하루만 버티자 돌아가기 NCT 재현, 휴가 영상 열애설 해명…“사랑하는 사촌동생” 돌아가기 '심혜진 친조카' 심재원 ""19살에 母 별세..이모가 빈자리 다 메꿔줘"" 뭉클 가족사 ('조선의 사랑꾼') 돌아가기",https://www.chosun.com/entertainments/broadcast/2026/07/09/HBRTON3DMM4DAYZZG5STKYTBGQ/
"장동혁 ""한동훈, 해당행위 아닌 범죄행위로 제명당한 것""",,"이해인 기자 입력 2026.07.10. 11:04 업데이트 2026.07.10. 15:10 435 국민의힘 장동혁 대표가 9일 서울 여의도 국회에서 열린 최고위원회의에서 발언을 하고 있다. /남강호 기자 국민의힘 장동혁 대표가 10일 “계속해서 ‘끌어안아야 된다’ ‘뺄셈 정치 하지 마라’고 하는데 우리 편을 향해 총을 쏘는 사람은 마이너스”라며 징계를 통한 당 기강 확립 의지를 재차 드러냈다. 장 대표는 이날 뉴데일리 유튜브에 출연해 “우리한테 총부리를 겨누는 사람을 정리를 해야 된다고 하는 것을 무조건 뺄셈 정치라고 하는데 그런 거(징계) 하지 말라고 이야기하는 게 뺄셈 정치”라며 이처럼 말했다. 그는 “오합지졸 같은 병사로는 전쟁에서 승리할 수 없다”고 말했다. 이어 “단일 대오로 뭉쳐 하나로 힘을 모아서 싸울 수 있는 그런 조직이냐가 더 중요하다”며 “100명이 있지만 20명이 자기 편을 향해서 총을 쏘는 사람이 있다면 저는 그 20명은 없는 것만 못하다는 생각을 하고 있다”고 했다. 장 대표는 탈당해 무소속으로 출마한 후보에 대해서는 “영원히 우리 당의 같은 일원이 될 수 없다”고 했다. 그는 “이번 지방선거 과정에서 탈당해서 무소속으로 출마해 그 후보가 당선되고 우리 당 후보가 떨어진 경우들이 많이 있다”며 “당시 많은 의원님들이 ‘지금 탈당해서 무소속 출마한 사람들에 대해서 영원히 복당을 금지한다고 강하게 메시지를 내야만 한다. 그래야 이 사람들을 돕지 않고 우리 당 후보를 돕게 된다’고 요구했었다”고 말했다. 그러면서 무소속 출마한 인사에 대해서는 복당 금지를 시사했다. 그는 “탈당 후 무소속 출마하는 경우 강하게 징계하고 제명할 것처럼 하다가 결국 ‘우리가 다 끌어안아야 한다’ ‘통합해야 한다’고 해서 복당해 주고 그렇게 해 왔기 때문에 아무도 두려워하지 않는다”며 “(탈당 후 출마했던 사람들을) 그냥 받아주고 사람 없으면 결국 또 우리 후보로 만들면 된다는 생각을 가지고 당을 운영해서는 저는 안 된다고 생각한다”고 했다. 앞서 장 대표는 2024년 총선 당시 공천이 취소돼 무소속으로 출마했던 장예찬 전 최고위원을 작년 말 여의도연구원 부원장직에 임명했었다. 다만 그는 자신의 ‘영구 복당 금지’ 발언이 무소속 한동훈 의원을 겨냥한 것은 아니라고 선을 그었다. 앞서 장 대표는 지난 6일 당 비공개 최고위원회의에서 “심각한 해당 행위에 대해선 당헌·당규를 개정해서라도 복당을 영구 금지해야 한다”고 발언했었다. 장 대표는 한 의원을 겨냥한 것이냐는 질문에 “너무 앞서 나간 것”이라며 “한 의원은 범죄 행위로 제명을 당한 것이지 해당(害黨) 행위로 제명을 당한 것이 아니다”라고 했다. 그러면서 “‘당원 게시판’ 문제는 범죄 행위지 ‘해당 행위자 복당 영구 금지’에 해당하지 않는다”고 했다. 그는 투표용지 부족 사태와 중앙선거관리위원회 개혁 문제와 관련해서는 “대한민국 선관위는 노답이다, 특검만이 답이다”라고 했다. 그러면서 “올림픽공원에 투표함 옮길 때 선관위원 없이 경찰이 옮겼기 때문에 오염된 투표함”이라며 “투표함이 아니라 못 쓰는 투표용지가 들어간 ‘쓰레기함’, ‘쓰레기통’이라고 생각한다. 전면 재선거를 해야 한다고 생각한다”고 말했다. 영문 기사 보기 (View English Article) #국민의힘 장동혁 국민의힘 더보기 징계 칼 빼든 장동혁... 국힘 윤리위원 1명 추가 임명 국민의힘 장동혁 대표가 ‘당의 기강 확립’을 강조하며 중앙윤리위원회 재가동에 돌입한 가운데 국민의힘이 9일 윤리위원 1명을 추가 임명했다. 이 ... 인천 찾은 장동혁 '참정권 침해' 맹공 ""재선거, 민주주의 회복이라는 원칙의 문제"" 국민의힘 장동혁 대표는 8일 인천에서 청년 당원들을 만나 “(선관위) 특검을 통해 참정권 박탈 사태의 실체가 밝혀지면 당연히 재선거도 뒤따라야 ... 광주경찰청 갔다가 입구서 제지 당한 張 국민의힘 장동혁 대표가 9일 한성숙 신임 국무총리 국회 면담 일정을 취소하고 광주경찰청을 찾았다. ‘전남광주 여고생 피살 사건’과 관련해 경찰의... 이해인 기자 정치부 정당팀. 구독 구독수 1,060 00:00 / 01:35 Technology and Trends in Gangnam Read Article 100자평 435 도움말 삭제기준 최신순 관심순 Newhilti 2026.07.10 16:56 반드시 그렇게 하셔야 당도 나라도 당원 국민들도 삽니다. 협잡군들, 이간자들, 기회주의자들 이번에 모두 속아 내시기 바랍니디ㅡ. 답글작성 2 4 흑세비오 2026.07.10 16:48 장동혁이 이재명의 핵전력이다 답글작성 9 2 석솔 2026.07.10 16:47 계엄 내란 옹호하는 건 범죄행위 아닌가? 좀 참고 버텼으면 대법원 판결로 대통령 후보도 안될것을 정권 넘겨준것이 보수에 대한 배신이다 답글작성 8 2 더보기 AI 추천 오늘의 멤버십 김한수의 @쉼 간절한 소원 담아 쌓은 돌탑, 태풍에 다 쓸려가자 백담사 스님 曰 김신영의 스테이블코인 스터디 “미국이 정해주마”… 통과 임박 ‘클래리티법’이 푼 가상자산 5대 난제 AI 추천 오늘의 멤버십 김한수의 @쉼 간절한 소원 담아 쌓은 돌탑, 태풍에 다 쓸려가자 백담사 스님 曰 김신영의 스테이블코인 스터디 “미국이 정해주마”… 통과 임박 ‘클래리티법’이 푼 가상자산 5대 난제 AI 추천 오늘의 멤버십 김한수의 @쉼 간절한 소원 담아 쌓은 돌탑, 태풍에 다 쓸려가자 백담사 스님 曰 김신영의 스테이블코인 스터디 “미국이 정해주마”… 통과 임박 ‘클래리티법’이 푼 가상자산 5대 난제 By Taboola By Taboola 당신이 좋아할 만한 콘텐츠 AD 당수치 뚝 떨어트린 고혈당 환자... 중요했던 1가지 습관 김여사 더 알아보기 돌아가기 AD 미국 유학 중인 자녀를 위해 영주권 취득이 꼭 필요한 이유 클럽이민 더 알아보기 돌아가기 NCT 재현, 휴가 영상 열애설 해명…“사랑하는 사촌동생” 돌아가기 유나, '황금 골반' 드러낸 과감 수영복핏..ITZY 완전체 민낯 공개 돌아가기 AD 고현정 '폭풍감량' 비결로 난리! ‘체지방' 녹이는 신소재 ‘이것‘ 뭐길래?!! 고현정 슬림웨이 다이어트 더 알아보기 돌아가기 AD 충격! 발톱무좀이라면 모르면 절대안되는 팩트! 하루만 버티자 더 알아보기 돌아가기 정치 많이 본 뉴스 병적기록 공개 않는다는 안규백... 국방부 ""퇴임 후 기록 정정 청구"" 국방부는 안규백 장관이 방위병으로 복무하면서 근무지를 이탈했다는 의혹과 관련해 “탈영 (주장)은 명백한 허위”라며 장관 임기가 끝나면 ... 장동혁 ""한동훈, 해당행위 아닌 범죄행위로 제명당한 것"" 국민의힘 장동혁 대표가 10일 “계속해서 ‘끌어안아야 된다’ ‘뺄셈 정치 하지 마라’고 하는데 우리 편을 향해 총을 쏘는 사람은 마이너... 장동혁 ""한동훈, 해당행위 아닌 범죄행위로 제명당한 것"" 국민의힘 장동혁 대표가 10일 “계속해서 ‘끌어안아야 된다’ ‘뺄셈 정치 하지 마라’고 하는데 우리 편을 향해 총을 쏘는 사람은 마이너... By Taboola By Taboola 지금 뜨는 콘텐츠 AD ""당뇨"" 심각환자... 혈당 뚝 낮춰주었던 1가지 습관 김여사 돌아가기 AD 초고화질 그래픽으로 구현된 광활한 우주 전선을 지금 탐험하세요. 파운데이션: 우주 전선 돌아가기 '김부장' 최대훈, ♥아내는 '세계 미인대회 3위' 장윤서..일·사랑 다가졌다[핫피플] 돌아가기 '심혜진 친조카' 심재원 ""19살에 母 별세..이모가 빈자리 다 메꿔줘"" 뭉클 가족사 ('조선의 사랑꾼') 돌아가기",https://www.chosun.com/politics/politics_general/2026/07/10/6RCBCRU7LBDJJGP36GROS76VNA/
"폴크스바겐, 10만명 감원 추진… 자동차업계 사상 최대 구조조정",,"한예나 기자 입력 2026.07.10. 15:23 업데이트 2026.07.10. 16:28 13 9일(현지시각) 폭스바겐그룹 경영진들이 10만명 규모의 인력 감축 계획을 추진하자 이에 노동계가 폭스바겐 사업장 곳곳에서 반대 집회를 열었다./ 연합뉴스 독일 폴크스바겐그룹이 전 세계 직원의 15%에 달하는 최대 10만명을 줄이는 구조조정을 추진하는 것으로 알려졌다. 독일 공장 4곳을 추가로 폐쇄하고 연간 생산 능력과 투자 규모도 대폭 축소하는 방안이다. 다만 노동계 등에서 강하게 반발하고 있어 실제 실행까지는 상당한 진통이 예상된다. 10일 독일 매체 매니저마가친과 슈피겔 등에 따르면, 폴크스바겐그룹 감독이사회는 지난 9일 회의를 열고 전 세계 직원 65만7000명 가운데 약 10만명을 감원하는 방안을 논의했다. 폴크스바겐 측은 앞서 2024년 독일 내 일자리 3만5000개를 줄이기로 노조와 합의한 뒤 감원 목표를 5만명으로 높였는데, 이번에 이를 다시 두 배로 늘리는 방안을 검토하는 것이다. 10만명 감원이 현실화하면 1991년 미국 제너럴모터스(GM)의 7만4000명 규모를 넘어 자동차업계 역사상 최대 구조조정 규모가 된다. 이 배경에는 폴크스바겐의 올해 1분기 영업이익률이 3.3%에 그치는 등 수익성이 크게 악화한 상황이 있다. 중국 전기차 업체와의 경쟁 심화와 독일 공장의 높은 비용 부담이 발목을 잡은 것이다. 코로나 이전 연간 1200만대 판매를 전제로 짠 생산·인력 구조가 현재 수요와 맞지 않다는 판단도 깔려있다. 경영진은 독일 츠비카우·엠덴·하노버 공장과 네카르줄름 아우디 공장의 생산을 2034년까지 순차적으로 중단하는 방안도 검토 중인 것으로 알려졌다. 이들 공장의 직원은 약 4만명이다. 시설 일부는 방산업체 등에 매각하고 자동차 생산은 상대적으로 인건비가 낮은 동유럽 지역으로 옮기는 방안이 거론된다. 독일 금속산업노조 IG메탈은 폭스바겐 사업장 12곳에서 집회를 열고 “전례 없는 대규모 분규를 감수해야 할 것”이라고 경고했다. 지분 20%를 보유한 니더작센주 정부도 일자리 감축에 반대하고 있어 경영진의 구조조정안이 원안대로 통과되기는 쉽지 않을 전망이다. 폴크스바겐은 이날 공식적으로도 모델 라인업을 최대 50%, 선택 사양을 최대 75% 줄이고 연간 생산 능력을 900만대 수준으로 낮추는 ‘미래계획’을 발표했다. 투자·지분 포트폴리오 역시 수익률과 자동차 사업 기여도를 기준으로 재편하기로 했다. 영문 기사 보기 (View English Article) 폴크스바겐그룹 구조조정 관련 기사 폴크스바겐그룹, 작년 영업이익 53% 감소…현대차그룹에 2위 내줘 유럽 최대 자동차 업체인 폴크스바겐그룹이 지난해 영업이익이 절반 넘게 줄어들면서, 현대차그룹에 ‘영업이익 2위’ 자리를 처음으로 내준 것으로 나... 공장 폐쇄에 무더기 구조조정...독일 자동차 업계 왜 흔들리나 [손진석의 머니워치] 안녕하세요. 조선일보 유튜브 ‘손진석의 머니워치’입니다. 이번 방송에서는 2차대전 이후 세계 자동차 업계를 선도해온 독일 자동차 회사들이 실적 ... 전기 팔고, 드론 만들고… 車 업체들 생존 몸부림 100년 넘는 역사를 자랑하는 미국 ‘빅3’ 자동차 기업 중 하나인 제너럴모터스(GM)는 지난 6월 초 고객들의 전기차 배터리를 전력망에 연결해... 한예나 기자 산업부 재계팀에서 취재하고 있습니다. 2020년 조선일보에 들어와, 사회부·경제부 등을 거쳤습니다. 구독 구독수 263 close Advertisements [custom_chain] korean_weather [webstory]-20260710-00:01 CANCEL NEXT VIDEO Pause Play % buffered 00:00 00:00 00:52 Unmute Mute Play Powered by GliaStudios 100자평 13 도움말 삭제기준 최신순 관심순 napsemi 2026.07.10 16:57 우리나라도 언젠가 답글작성 1 0 mhkim21c 2026.07.10 16:51 중국에 너무 많은 투자를 했다가 기술 뺏기고 상산 노하우 도둑맞고  거기에 중국산 전기차 저가 공세에 밀려 중국시장을 놓치니 이지경이 된거죠? 하여튼 중국과 얽히면 이렇게 뒤통수  맞게 되는 겁니다!  울나라는 특히 저쪽 지역 사람들과 얽히면 뒷통수 맞는 다는 얘기가 있다지요? 답글작성 1 0 素山 2026.07.10 16:45 거기도 노란 봉투 법이 있었나 ~ 현기차 같으면  벌써 아작 날 회사였다 ~ 답글작성 4 0 더보기 AI 추천 오늘의 멤버십 정지섭의 애니멀 커넥션 텍사스도, 마약왕도 사랑한 동물… 무서운 살상력 가진 ‘강의 악마’ 윤희영어 런던 뮤지컬 예매 전 체크… 가장 좋은 좌석은 ‘stalls’ AI 추천 오늘의 멤버십 정지섭의 애니멀 커넥션 텍사스도, 마약왕도 사랑한 동물… 무서운 살상력 가진 ‘강의 악마’ 윤희영어 런던 뮤지컬 예매 전 체크… 가장 좋은 좌석은 ‘stalls’ AI 추천 오늘의 멤버십 정지섭의 애니멀 커넥션 텍사스도, 마약왕도 사랑한 동물… 무서운 살상력 가진 ‘강의 악마’ 윤희영어 런던 뮤지컬 예매 전 체크… 가장 좋은 좌석은 ‘stalls’ By Taboola By Taboola 당신이 좋아할 만한 콘텐츠 AD 운동안하고 '체지방' 감소돼 깜짝! 고현정 '폭풍감량'으로 화제된 ""이것"" 연예인 폭풍감량비법 - 슬림웨이 더 알아보기 돌아가기 AD 초고화질 그래픽으로 구현된 광활한 우주 전선을 지금 탐험하세요. 파운데이션: 우주 전선 지금 플레이하기 돌아가기 김태연, 목요일 물들인 에너지…무지개처럼 빛난 '빨주노초파남보' 돌아가기 NCT 재현, 휴가 영상 열애설 해명…“사랑하는 사촌동생” 돌아가기 AD 미국 유학 중인 자녀를 위해 영주권 취득이 꼭 필요한 이유 클럽이민 더 알아보기 돌아가기 AD 이번달만 신차장기렌트 제네시스 월 납입 최저가 견적 발송중 신차장기렌트 인드림카 더 알아보기 돌아가기 조선경제 많이 본 뉴스 네이버 별점 5년 만에 부활… 자영업자는 속이 탄다 네이버가 식당과 카페 같은 장소를 소비자가 별점으로 평가하는 제도를 5년여 만에 부활시키면서, 자영업자들 사이에서 불안이 확산하고 있다... 폴크스바겐, 10만명 감원 추진… 자동차업계 사상 최대 구조조정 독일 폴크스바겐그룹이 전 세계 직원의 15%에 달하는 최대 10만명을 줄이는 구조조정을 추진하는 것으로 알려졌다. 독일 공장 4곳을 추... 폴크스바겐, 10만명 감원 추진… 자동차업계 사상 최대 구조조정 독일 폴크스바겐그룹이 전 세계 직원의 15%에 달하는 최대 10만명을 줄이는 구조조정을 추진하는 것으로 알려졌다. 독일 공장 4곳을 추... By Taboola By Taboola 지금 뜨는 콘텐츠 AD 무니코틴 주제에 타격감은 연초급?! 레딜 돌아가기 AD 충격! 발톱무좀이라면 모르면 절대안되는 팩트! 하루만 버티자 돌아가기 1타 강사 최태성 “무궁무진 왕의 밥상… 적어도 100화는 돼야” 돌아가기 유나, '황금 골반' 드러낸 과감 수영복핏..ITZY 완전체 민낯 공개 돌아가기",https://www.chosun.com/economy/industry-company/2026/07/10/YQ5SGMDI3BGMJI3EGYLC2X66CM/
네이버 별점 5년 만에 부활… 자영업자는 속이 탄다,,"이영관 기자 입력 2026.07.10. 14:56 업데이트 2026.07.10. 15:40 19 /제미나이 생성 이미지 네이버가 식당과 카페 같은 장소를 소비자가 별점으로 평가하는 제도를 5년여 만에 부활시키면서, 자영업자들 사이에서 불안이 확산하고 있다. 업체들 사이 리뷰 경쟁, 소비자 갑질 등 과거의 부작용이 재현될 수 있다는 것이다. 네이버 플레이스 별점 제도 개편 예시. 가게 평균 별점(오른쪽)은 비공개 처리할 수 있지만, 개별 리뷰 별점(왼쪽)은 지난 9일부터 모두 공개처리 되고 있다. / 네이버 네이버는 지난 9일부터 플레이스(장소 리뷰)에 개별 리뷰 별점과 평균 별점을 공개하기 시작했다. 앞서 2021년 10월 별점 테러 등 자영업자들의 피해 사례가 속출하자 별점 수집을 중단하고 키워드 리뷰 방식을 도입했는데, 이날부터 별점을 본격 다시 도입한 것이다. 네이버는 이를 위해 지난 4월부터 소비자들을 대상으로 리뷰에 별점을 다시 부여할 수 있게 했다. 3개월 동안 리뷰를 남긴 소비자와 사업주만 볼 수 있던 별점 데이터가 9일부터 공개되기 시작한 것이다. 자영업자들은 별점 부활로 인해 소비자 갑질이 심화되고, 업체들 사이에서 리뷰 경쟁이 과열될 수 있다고 우려한다. 네이버 지도 등에 가게 이름과 나란히 표시되는 평균 별점은 사업주가 표시 여부를 선택할 수 있지만, 개별 소비자가 리뷰에 남긴 별점은 비공개 처리할 수 없기 때문이다. 충북 청주시에서 치킨집을 운영하는 이모씨는 “과거 받았던 스트레스 때문에 당장은 평균 별점을 비공개할 계획인데, 개별 리뷰는 어쩔 수가 없어 걱정”이라며 “별점 5점을 주는 조건으로 리뷰 이벤트를 시작해야 하나 고민”이라고 했다. 네이버 플레이스에서 평균 별점은 신규 정보 수집이 중단된 지난 2021년 10월 이전 누적 정보, 그리고 지난 4월부터 새롭게 수집된 내역을 전부 합산하는 방식으로 산출된다. 자영업자 온라인 커뮤니티에는 “과거 리뷰가 좋지 않은데 어떻게 해야 하나” “리뷰 이벤트를 없애기도 그렇고, 별점 다섯 개 조건을 걸어야 하나 고민이다” 같은 글이 속속 올라오고 있다. 자영업자들 사이에선 별점 부활 대처법도 전수되고 있다. “현재 별점이 4.0 이상이거나, 경쟁 매장보다 점수가 높을 땐 별점 평균을 공개해야 한다”거나 “주차 정보 등 가게 정보 칸을 더 꼼꼼하게 입력해야 높은 별점을 받을 수 있다” 같은 내용이다. 네이버를 제외한 다수의 플랫폼이 그동안 별점 제도를 유지해 왔고, 별점을 되살려 달라는 이용자 요구도 많았다는 점이 이번 개편의 배경으로 알려졌다. 네이버 관계자는 “낮은 별점을 합리적 설명 없이 반복적으로 주는 작성자를 모니터링하고, 리뷰 수정 기간을 작성 후 3개월로 제한하기로 했다”며 “별점과 관련해 사업주들을 위한 보조 정책을 고도화할 예정”이라고 했다. 영문 기사 보기 (View English Article) 네이버 별점 관련 기사 [광화문·뷰] '3000원짜리 폭군들'이 만드는 지옥 얼마 전 이사했다. 월 2만원짜리 단지 헬스클럽에는 외제 기구가 가득하고, 주민들이 운동도 열심히 한다. 이 감탄할 만한 신축 아파트에는 저녁 ... 종업원보다 못 버는 사장들... 대한민국 자영업의 현주소 내년도 최저임금 심의 법정 시한인 29일을 앞두고 노사 간 논의가 본격화 중인 가운데, 자영업자 3명 중 1명은 월평균 소득이 현행 최저임금에도... 이영관 기자 사람과 이야기가 지닌 힘을 믿습니다. 2020년 조선일보에 입사해 사회부에서 경찰을, 문화부에서 문학과 출판 분야를 주로 취재했습니다. 산업부에서 자동차팀 등을 거쳐 유통팀에서 기사를 쓰고 있습니다. 저서로 '친애하는 나의 글쓰기'가 있습니다. 구독 구독수 305 Video Player is loading. Pause Next Unmute Current Time 0:02 / Duration 1:37 Loaded : 37.09% 0:02 Stream Type LIVE Seek to live, currently behind live LIVE Remaining Time - 1:35 1x Playback Rate Chapters Chapters Descriptions descriptions off , selected Subtitles subtitles settings , opens subtitles settings dialog subtitles off , selected Audio Track Ladin , selected Fullscreen This is a modal window. Beginning of dialog window. Escape will cancel and close the window. Text Color White Black Red Green Blue Yellow Magenta Cyan Transparency Opaque Semi-Transparent Background Color Black White Red Green Blue Yellow Magenta Cyan Transparency Opaque Semi-Transparent Transparent Window Color Black White Red Green Blue Yellow Magenta Cyan Transparency Transparent Semi-Transparent Opaque Font Size 50% 75% 100% 125% 150% 175% 200% 300% 400% Text Edge Style None Raised Depressed Uniform Dropshadow Font Family Proportional Sans-Serif Monospace Sans-Serif Proportional Serif Monospace Serif Casual Script Small Caps Reset restore all settings to the default values Done Close Modal Dialog End of dialog window. Backward Skip 10s Play Video Pause Video Forward Skip 10s 100자평 19 도움말 삭제기준 최신순 관심순 모골 2026.07.10 16:49 무조건 5점 주는것만 없애도 나아짐 .. 보통 악의적으로 1점 주는게 문제가 되니까 .. 타베로그 처럼 평균 3점대로 나오면 별 문제가 안됨 . 답글작성 0 0 Tornado 2026.07.10 16:46 전세계 대부분 나라의 대부분 지도 서비스들은 개별 평가 및 리뷰 제도가 있다. 대다수 소비자에게 그 정보가 도움이 되고 이익이니까. 근거없고 악의적인 별점 테러는 삼진아웃 제도 같은걸 운영하면 된다. 고객의 평가가 두려우면 더 열심히 해라. 일본의 식당들도 좀 가보고. 답글작성 1 0 물밤 2026.07.10 16:43 메이저가 영세업자를 향한 또 다른 갑질, 답글작성 2 0 더보기 AI 추천 오늘의 멤버십 박건형의 사이언스타 즉사한다 믿었던 심장마비… 골든타임 찾아낸 의사 김한수의 @쉼 간절한 소원 담아 쌓은 돌탑, 태풍에 다 쓸려가자 백담사 스님 曰 AI 추천 오늘의 멤버십 박건형의 사이언스타 즉사한다 믿었던 심장마비… 골든타임 찾아낸 의사 김한수의 @쉼 간절한 소원 담아 쌓은 돌탑, 태풍에 다 쓸려가자 백담사 스님 曰 AI 추천 오늘의 멤버십 박건형의 사이언스타 즉사한다 믿었던 심장마비… 골든타임 찾아낸 의사 김한수의 @쉼 간절한 소원 담아 쌓은 돌탑, 태풍에 다 쓸려가자 백담사 스님 曰 By Taboola By Taboola 당신이 좋아할 만한 콘텐츠 AD 당수치 뚝 떨어트린 고혈당 환자... 중요했던 1가지 습관 김여사 더 알아보기 돌아가기 AD ""당뇨"" 심각환자... 혈당 뚝 낮춰주었던 1가지 습관 김여사 더 알아보기 돌아가기 송지효, '8년 연애' 남친과 결별 고백 후..""결혼생각 없어져""[순간포착] 돌아가기 NCT 재현, 휴가 영상 열애설 해명…“사랑하는 사촌동생” 돌아가기 AD 미국 유학 중인 자녀를 위해 영주권 취득이 꼭 필요한 이유 클럽이민 더 알아보기 돌아가기 AD 초고화질 그래픽으로 구현된 광활한 우주 전선을 지금 탐험하세요. 파운데이션: 우주 전선 지금 플레이하기 돌아가기 조선경제 많이 본 뉴스 네이버 별점 5년 만에 부활… 자영업자는 속이 탄다 네이버가 식당과 카페 같은 장소를 소비자가 별점으로 평가하는 제도를 5년여 만에 부활시키면서, 자영업자들 사이에서 불안이 확산하고 있다... 폴크스바겐, 10만명 감원 추진… 자동차업계 사상 최대 구조조정 독일 폴크스바겐그룹이 전 세계 직원의 15%에 달하는 최대 10만명을 줄이는 구조조정을 추진하는 것으로 알려졌다. 독일 공장 4곳을 추... 폴크스바겐, 10만명 감원 추진… 자동차업계 사상 최대 구조조정 독일 폴크스바겐그룹이 전 세계 직원의 15%에 달하는 최대 10만명을 줄이는 구조조정을 추진하는 것으로 알려졌다. 독일 공장 4곳을 추... By Taboola By Taboola 지금 뜨는 콘텐츠 AD 이번달만 신차장기렌트 제네시스 월 납입 최저가 견적 발송중 신차장기렌트 인드림카 돌아가기 AD 충격! 발톱무좀이라면 모르면 절대안되는 팩트! 하루만 버티자 돌아가기 '치매 母' 간병으로 보낸 4년…이루, '까만 안경' 부르며 효도 [핫피플] 돌아가기 유나, '황금 골반' 드러낸 과감 수영복핏..ITZY 완전체 민낯 공개 돌아가기",https://www.chosun.com/economy/2026/07/10/PRYSN7K22RHW3JZZVLOK5NZPQI/
"""말 같다. 어린데도 스태미너 안 떨어진다"" 꽃감독도 놀란 19살 리드오프 회복력, 후반기 가을티켓 안겨줄까",,"OSEN 입력 2026.07.10. 16:40 업데이트 2026.07.10. 16:42 0 [OSEN=이선호 기자] 후반기도 펄펄 날까? KIA 타이거즈가 전반기를 무난하게 마감했다. 45승39패1무로 단독 4위를 기록했다. 전반기 막판 주루와 수비실책이 나오며 4연패에 빠졌으나 롯데 자이언츠와의 9일 마지막 경기를 잡고 가슴을 쓸어내렸다. 약체라는 평가 속에서도 선수들이 똘똘 뭉쳐 가을야구행 가능성을 높였다. 투수진도 잘 버텼지만 야수진의 힘이 강해졌다. 작년 세 차례의 햄스트링 부상을 당한 김도영과 캡틴 나성범이 부상없이 풀타임으로 중심타선을 이끌었다. 한준수가 3할 타자로 올라섰고 김호령도 공수에서 듬직했다. 여기에 새 얼굴 박재현의 등장은 최대의 호재였다. 루키였던 2025시즌  62타수 5안타 타율 8푼1리에 불과했다. 올해도 백업전력으로 시작했지만 이범호 감독이 과감하게 외야주전으로 기용하자 화끈하게 응답했다. 단타가 아닌 장타도 뿜어내더니 출루하면 도루를 성공시키는 등 공수주에서 맹활약을 펼쳤다. 리드오프로 펄펄 날아다니자 자연스럽게 중심타선으로 찬스가 이졌고 팀 득점력도 높아졌다. 새로운 타이거즈 리드오프의 등장이었다. 타선의 활력소이자 더그아웃에서도 활기 넘치는 분위기 메이커였다. 아이치-나고야 아시안게임 국가대표까지 발탁받았다. 6월 갑자기 슬럼프에 빠졌다. 상대의 견제에 기나긴 슬럼프도 겪기도 했다. 월간 타율 2할2푼2리에 그치면서 3할 타율도 붕괴되었다. 그럼에도 최근 10경기 3할1푼6리의 타율을 기록하며 전반기를 무사히 마쳤다. 전반기 성적은 2할8푼3리 8홈런 39타점 49득점 16도루 OPS .743 득점권 타율 3할5푼6리. 특급은 아니지만 우등생이었다. 황당 주루로 패배의 단초도 제공했다. 4일 NC와의 광주경기에서 9회말  한 점차로 뒤진 가운데 1사3루 주자로 김호령의 좌익수 뜬공때 백스킵과 리터치를 하지 않고 그대로 홈으로 달리는 통에 동점에 실패했다. 팬들의 원성을 사기도 했으나 다음날 우천취소되자 사죄의 퍼포먼스로 미안함을 전하기도 했다. 감독도 ""이런 플레이를 다시 하면 안된다""면서도 ""재현이 때문에 이긴 경기가 더 많다""며 감싸기도 했다. 이범호 감독이 주목하는 점은 슬럼프에 빠졌지만 무너지지 않고 반등했다는 점이다. ""이 정도만 해도 너무 잘한 것이다. 부상 없이 경기 나가고 있다. 스태미너도 잘 안 떨어진다. 거의 말 같다. 좋은 몸과 근육을 가졌다. 어린데도 피곤해하지 않고 잘 달린다. 컨디션을 유지하는 방법도 바로 터특하더라. 계속 성장하고 있다. 지금의 페이스만 유지해도 바랄 것이 없다""고 극찬과 기대를 아끼지 않았다. KIA가 후반기에서 가을티켓을 거머쥐기 위해서는 박재현의 꾸준한 활약이 필요하다. 아시안게임 출전 공백이 아쉽지만 전반기의 경험을 바탕으로 공수주에서 더욱 발전된 플레이를 펼친다면 팀에게는 큰 힘이 된다. 감독은 지금 정도만 해줘도 만족이지만 본인의 목표치는 그 이상일 것이다. 그래서 박재현의 후반기 모습이 더욱 궁금해진다. /sunny@osen.co.kr 영문 기사 보기 (View English Article) Video Player is loading. Pause Next Unmute Current Time 0:04 / Duration 1:37 Loaded : 41.21% 0:04 Stream Type LIVE Seek to live, currently behind live LIVE Remaining Time - 1:33 1x Playback Rate Chapters Chapters Descriptions descriptions off , selected Subtitles subtitles settings , opens subtitles settings dialog subtitles off , selected Audio Track Ladin , selected Fullscreen This is a modal window. Beginning of dialog window. Escape will cancel and close the window. Text Color White Black Red Green Blue Yellow Magenta Cyan Transparency Opaque Semi-Transparent Background Color Black White Red Green Blue Yellow Magenta Cyan Transparency Opaque Semi-Transparent Transparent Window Color Black White Red Green Blue Yellow Magenta Cyan Transparency Transparent Semi-Transparent Opaque Font Size 50% 75% 100% 125% 150% 175% 200% 300% 400% Text Edge Style None Raised Depressed Uniform Dropshadow Font Family Proportional Sans-Serif Monospace Sans-Serif Proportional Serif Monospace Serif Casual Script Small Caps Reset restore all settings to the default values Done Close Modal Dialog End of dialog window. Backward Skip 10s Play Video Pause Video Forward Skip 10s 100자평 도움말 삭제기준 AI 추천 오늘의 멤버십 박건형의 사이언스타 즉사한다 믿었던 심장마비… 골든타임 찾아낸 의사 김한수의 @쉼 간절한 소원 담아 쌓은 돌탑, 태풍에 다 쓸려가자 백담사 스님 曰 AI 추천 오늘의 멤버십 박건형의 사이언스타 즉사한다 믿었던 심장마비… 골든타임 찾아낸 의사 김한수의 @쉼 간절한 소원 담아 쌓은 돌탑, 태풍에 다 쓸려가자 백담사 스님 曰 AI 추천 오늘의 멤버십 박건형의 사이언스타 즉사한다 믿었던 심장마비… 골든타임 찾아낸 의사 김한수의 @쉼 간절한 소원 담아 쌓은 돌탑, 태풍에 다 쓸려가자 백담사 스님 曰 By Taboola By Taboola 당신이 좋아할 만한 콘텐츠 AD [화제] 취등록세·보험료 0원, 신차보다 똑똑한 내차 타는 방법! 오토허브 견적 받기 돌아가기 AD 충격! 발톱무좀이라면 모르면 절대안되는 팩트! 하루만 버티자 더 알아보기 돌아가기 유나, '황금 골반' 드러낸 과감 수영복핏..ITZY 완전체 민낯 공개 돌아가기 NCT 재현, 휴가 영상 열애설 해명…“사랑하는 사촌동생” 돌아가기 AD 미국 유학 중인 자녀를 위해 영주권 취득이 꼭 필요한 이유 클럽이민 더 알아보기 돌아가기 AD 무니코틴 주제에 타격감은 연초급?! 레딜 돌아가기 스포츠 많이 본 뉴스 세광고, 배명고 10대2 제압… 창단 첫 청룡기 결승 진출 세광고가 창단 첫 결승 진출에 이어 청룡기 우승까지 노린다. 세광고는 10일 서울 목동야구장에서 재개된 제81회 청룡기 전국고교야구선수... ""이정후 FA 포기할 것 같다"" 충격 전망, 이적시 최대 5년 계약밖에 못할지도…SF 담당 기자 '트레이드 주장' [OSEN=이상학 객원기자] 이정후(27·샌프란시스코 자이언츠)가 내년 시즌 후 FA가 될 수 있는 옵트 아웃을 포기할 것이라는 전망이... ""이정후 FA 포기할 것 같다"" 충격 전망, 이적시 최대 5년 계약밖에 못할지도…SF 담당 기자 '트레이드 주장' [OSEN=이상학 객원기자] 이정후(27·샌프란시스코 자이언츠)가 내년 시즌 후 FA가 될 수 있는 옵트 아웃을 포기할 것이라는 전망이... By Taboola By Taboola 지금 뜨는 콘텐츠 AD 초고화질 그래픽으로 구현된 광활한 우주 전선을 지금 탐험하세요. 파운데이션: 우주 전선 돌아가기 AD 고현정 '폭풍감량' 비결로 난리! ‘체지방' 녹이는 신소재 ‘이것‘ 뭐길래?!! 고현정 슬림웨이 다이어트 돌아가기 '김부장' 최대훈, ♥아내는 '세계 미인대회 3위' 장윤서..일·사랑 다가졌다[핫피플] 돌아가기 기성용, ♥한혜진과 결혼 13주년 '만삭' 사진 공개..""나만 늙었다"" 돌아가기",https://www.chosun.com/sports/baseball/2026/07/10/GQZGKM3DHE3DSMLDGFSGENRWGU/
"[사진]박세영 감독-김푸름-고우, '지느러미' 놀러 오세요",,"OSEN 입력 2026.07.10. 16:38 업데이트 2026.07.10. 16:39 0 [OSEN=지형준 기자] 영화 '지느러미' 언론 배급 시사회가 10일 오후 서울 CGV 용산아이파크몰에서 열렸다. ‘지느러미’는 유전적 돌연변이 ‘오메가’와 인간이 공존하는 근미래 통일 대한민국 사회를 그린 디스토피아 SF 아트 시네마. 박세영 감독과 배우 김푸름, 고우가 포토타임을 하고 있다. 2026.07.10 / jpnews@osen.co.kr close Advertisements [custom_chain] korean_weather [webstory]-20260710-00:01 CANCEL NEXT VIDEO Pause Play % buffered 00:00 00:00 00:52 Unmute Mute Play Powered by GliaStudios 100자평 도움말 삭제기준 AI 추천 오늘의 멤버십 윤희영어 경찰이 외치는 ‘Freeze!’와 ‘Stay put!’의 차이 김한수의 @쉼 간절한 소원 담아 쌓은 돌탑, 태풍에 다 쓸려가자 백담사 스님 曰 AI 추천 오늘의 멤버십 윤희영어 경찰이 외치는 ‘Freeze!’와 ‘Stay put!’의 차이 김한수의 @쉼 간절한 소원 담아 쌓은 돌탑, 태풍에 다 쓸려가자 백담사 스님 曰 AI 추천 오늘의 멤버십 윤희영어 경찰이 외치는 ‘Freeze!’와 ‘Stay put!’의 차이 김한수의 @쉼 간절한 소원 담아 쌓은 돌탑, 태풍에 다 쓸려가자 백담사 스님 曰 By Taboola By Taboola 당신이 좋아할 만한 콘텐츠 AD [화제] 취등록세·보험료 0원, 신차보다 똑똑한 내차 타는 방법! 오토허브 견적 받기 돌아가기 AD 충격! 발톱무좀이라면 모르면 절대안되는 팩트! 하루만 버티자 더 알아보기 돌아가기 유나, '황금 골반' 드러낸 과감 수영복핏..ITZY 완전체 민낯 공개 돌아가기 '김부장' 최대훈, ♥아내는 '세계 미인대회 3위' 장윤서..일·사랑 다가졌다[핫피플] 돌아가기 AD 미국 유학 중인 자녀를 위해 영주권 취득이 꼭 필요한 이유 클럽이민 더 알아보기 돌아가기 AD 초고화질 그래픽으로 구현된 광활한 우주 전선을 지금 탐험하세요. 파운데이션: 우주 전선 지금 플레이하기 돌아가기 연예 많이 본 뉴스 이경실, 부산행 KTX 민폐 사과 ""조용해 달라는 지적 받아..이성 잃었다"" [OSEN=하수정 기자] 코미디언 이경실이 부산행 KTX에서 소음을 지적받은 것에 대해 사과했다.이경실은 9일 ""정말 아주 오랜만에 대... 이종석·아이유, 4년 열애 끝 결별… 결별 사유 함구 ""좋은 동료로"" [공식입장] [OSEN=장우영 기자] 배우 이종석와 아이유가 4년 열애 끝에 결별했다. 10일 이종석의 소속사 에이스팩토리 측은 OSEN에 “(이종... 이종석·아이유, 4년 열애 끝 결별… 결별 사유 함구 ""좋은 동료로"" [공식입장] [OSEN=장우영 기자] 배우 이종석와 아이유가 4년 열애 끝에 결별했다. 10일 이종석의 소속사 에이스팩토리 측은 OSEN에 “(이종... By Taboola By Taboola 지금 뜨는 콘텐츠 AD 무니코틴 주제에 타격감은 연초급?! 레딜 돌아가기 AD 고현정 '폭풍감량' 비결로 난리! ‘체지방' 녹이는 신소재 ‘이것‘ 뭐길래?!! 고현정 슬림웨이 다이어트 돌아가기 NCT 재현, 휴가 영상 열애설 해명…“사랑하는 사촌동생” 돌아가기 기성용, ♥한혜진과 결혼 13주년 '만삭' 사진 공개..""나만 늙었다"" 돌아가기",https://www.chosun.com/entertainments/entertain_photo/2026/07/10/G5SDKYJTMY2DAODBG4YTKMZTMU/
"[사진]박세영 감독-김푸름-고우, '지느러미' 영화관에서 만나요",,"OSEN 입력 2026.07.10. 16:38 업데이트 2026.07.10. 16:39 0 [OSEN=지형준 기자] 영화 '지느러미' 언론 배급 시사회가 10일 오후 서울 CGV 용산아이파크몰에서 열렸다. ‘지느러미’는 유전적 돌연변이 ‘오메가’와 인간이 공존하는 근미래 통일 대한민국 사회를 그린 디스토피아 SF 아트 시네마. 박세영 감독과 배우 김푸름, 고우가 포토타임을 하고 있다. 2026.07.10 / jpnews@osen.co.kr close Advertisements [custom_chain] korean_weather [webstory]-20260710-00:01 CANCEL NEXT VIDEO Pause Play % buffered 00:00 00:00 00:52 Unmute Mute Play Powered by GliaStudios 100자평 도움말 삭제기준 AI 추천 오늘의 멤버십 김신영의 스테이블코인 스터디 “미국이 정해주마”… 통과 임박 ‘클래리티법’이 푼 가상자산 5대 난제 김한수의 @쉼 간절한 소원 담아 쌓은 돌탑, 태풍에 다 쓸려가자 백담사 스님 曰 AI 추천 오늘의 멤버십 김신영의 스테이블코인 스터디 “미국이 정해주마”… 통과 임박 ‘클래리티법’이 푼 가상자산 5대 난제 김한수의 @쉼 간절한 소원 담아 쌓은 돌탑, 태풍에 다 쓸려가자 백담사 스님 曰 AI 추천 오늘의 멤버십 김신영의 스테이블코인 스터디 “미국이 정해주마”… 통과 임박 ‘클래리티법’이 푼 가상자산 5대 난제 김한수의 @쉼 간절한 소원 담아 쌓은 돌탑, 태풍에 다 쓸려가자 백담사 스님 曰 By Taboola By Taboola 당신이 좋아할 만한 콘텐츠 AD 초고화질 그래픽으로 구현된 광활한 우주 전선을 지금 탐험하세요. 파운데이션: 우주 전선 지금 플레이하기 돌아가기 AD [화제] 취등록세·보험료 0원, 신차보다 똑똑한 내차 타는 방법! 오토허브 견적 받기 돌아가기 유나, '황금 골반' 드러낸 과감 수영복핏..ITZY 완전체 민낯 공개 돌아가기 '김부장' 최대훈, ♥아내는 '세계 미인대회 3위' 장윤서..일·사랑 다가졌다[핫피플] 돌아가기 AD 충격! 발톱무좀이라면 모르면 절대안되는 팩트! 하루만 버티자 더 알아보기 돌아가기 AD 미국 유학 중인 자녀를 위해 영주권 취득이 꼭 필요한 이유 클럽이민 더 알아보기 돌아가기 연예 많이 본 뉴스 이경실, 부산행 KTX 민폐 사과 ""조용해 달라는 지적 받아..이성 잃었다"" [OSEN=하수정 기자] 코미디언 이경실이 부산행 KTX에서 소음을 지적받은 것에 대해 사과했다.이경실은 9일 ""정말 아주 오랜만에 대... 이종석·아이유, 4년 열애 끝 결별… 결별 사유 함구 ""좋은 동료로"" [공식입장] [OSEN=장우영 기자] 배우 이종석와 아이유가 4년 열애 끝에 결별했다. 10일 이종석의 소속사 에이스팩토리 측은 OSEN에 “(이종... 이종석·아이유, 4년 열애 끝 결별… 결별 사유 함구 ""좋은 동료로"" [공식입장] [OSEN=장우영 기자] 배우 이종석와 아이유가 4년 열애 끝에 결별했다. 10일 이종석의 소속사 에이스팩토리 측은 OSEN에 “(이종... By Taboola By Taboola 지금 뜨는 콘텐츠 AD 무니코틴 주제에 타격감은 연초급?! 레딜 돌아가기 AD 고현정 '폭풍감량' 비결로 난리! ‘체지방' 녹이는 신소재 ‘이것‘ 뭐길래?!! 고현정 슬림웨이 다이어트 돌아가기 기성용, ♥한혜진과 결혼 13주년 '만삭' 사진 공개..""나만 늙었다"" 돌아가기 NCT 재현, 휴가 영상 열애설 해명…“사랑하는 사촌동생” 돌아가기",https://www.chosun.com/entertainments/entertain_photo/2026/07/10/HA3WIYLBG5RTCNBZGMYWKZBYGM/
"호반건설, 한진칼 지분 20.15%로 확대… 보유 목적 '단순투자' 유지",,"이경탁 기자(조선비즈) 입력 2026.07.10. 16:37 업데이트 2026.07.10. 16:43 0 호반건설 CI 호반건설이 한진칼 지분을 20% 이상으로 늘렸다. 장내 매수를 통해 지분을 확대했지만 보유 목적은 기존과 같은 ‘단순투자’를 유지했다. 10일 금융감독원 전자공시시스템에 따르면 호반건설은 주식 등의 대량보유상황 보고서를 통해 한진칼 보유 지분이 20.15%(1345만4674주)로 늘었다고 공시했다. 직전 보고 당시 보유 지분은 18.46%(1232만1774주)였으며, 이번에 113만2900주를 추가 확보하면서 지분율이 1.69%포인트 상승했다. 지분 변동 사유는 장내 매수에 따른 주식 취득과 특별관계자 추가다. 호반호텔앤리조트가 장내에서 한진칼 주식 102만755주를 추가 매입했고, 호반산업이 특별관계자로 새롭게 포함됐다. 현재 계열사별 보유 지분은 호반건설 11.50%, 호반호텔앤리조트 8.34%, 호반산업 0.17%, ㈜호반 0.15%다. 호반건설은 이번 공시에서도 한진칼 주식 보유 목적을 ‘단순투자’로 기재했다. 영문 기사 보기 (View English Article) 100자평 도움말 삭제기준 AI 추천 오늘의 멤버십 김한수의 @쉼 간절한 소원 담아 쌓은 돌탑, 태풍에 다 쓸려가자 백담사 스님 曰 박건형의 사이언스타 즉사한다 믿었던 심장마비… 골든타임 찾아낸 의사 AI 추천 오늘의 멤버십 김한수의 @쉼 간절한 소원 담아 쌓은 돌탑, 태풍에 다 쓸려가자 백담사 스님 曰 박건형의 사이언스타 즉사한다 믿었던 심장마비… 골든타임 찾아낸 의사 AI 추천 오늘의 멤버십 김한수의 @쉼 간절한 소원 담아 쌓은 돌탑, 태풍에 다 쓸려가자 백담사 스님 曰 박건형의 사이언스타 즉사한다 믿었던 심장마비… 골든타임 찾아낸 의사 By Taboola By Taboola 당신이 좋아할 만한 콘텐츠 AD 초고화질 그래픽으로 구현된 광활한 우주 전선을 지금 탐험하세요. 파운데이션: 우주 전선 지금 플레이하기 돌아가기 AD 미국 유학 중인 자녀를 위해 영주권 취득이 꼭 필요한 이유 클럽이민 더 알아보기 돌아가기 유나, '황금 골반' 드러낸 과감 수영복핏..ITZY 완전체 민낯 공개 돌아가기 '김부장' 최대훈, ♥아내는 '세계 미인대회 3위' 장윤서..일·사랑 다가졌다[핫피플] 돌아가기 AD 이번달만 신차장기렌트 제네시스 월 납입 최저가 견적 발송중 신차장기렌트 인드림카 더 알아보기 돌아가기 AD 충격! 발톱무좀이라면 모르면 절대안되는 팩트! 하루만 버티자 더 알아보기 돌아가기 조선경제 많이 본 뉴스 네이버 별점 5년 만에 부활… 자영업자는 속이 탄다 네이버가 식당과 카페 같은 장소를 소비자가 별점으로 평가하는 제도를 5년여 만에 부활시키면서, 자영업자들 사이에서 불안이 확산하고 있다... 폴크스바겐, 10만명 감원 추진… 자동차업계 사상 최대 구조조정 독일 폴크스바겐그룹이 전 세계 직원의 15%에 달하는 최대 10만명을 줄이는 구조조정을 추진하는 것으로 알려졌다. 독일 공장 4곳을 추... 폴크스바겐, 10만명 감원 추진… 자동차업계 사상 최대 구조조정 독일 폴크스바겐그룹이 전 세계 직원의 15%에 달하는 최대 10만명을 줄이는 구조조정을 추진하는 것으로 알려졌다. 독일 공장 4곳을 추... By Taboola By Taboola 지금 뜨는 콘텐츠 AD 선납금 없이 3년 타다가 위약금없이 반납, 세금도 없다! 오토매거진 돌아가기 AD [화제] 취등록세·보험료 0원, 신차보다 똑똑한 내차 타는 방법! 오토허브 돌아가기 '심혜진 친조카' 심재원 ""19살에 母 별세..이모가 빈자리 다 메꿔줘"" 뭉클 가족사 ('조선의 사랑꾼') 돌아가기 기성용, ♥한혜진과 결혼 13주년 '만삭' 사진 공개..""나만 늙었다"" 돌아가기",https://www.chosun.com/economy/real_estate/2026/07/10/MQYDKN3GGUYTMNJRGE4GMY3FGM/
"[사진]박세영 감독-김푸름-고우, '지느러미' 파이팅",,"OSEN 입력 2026.07.10. 16:37 업데이트 2026.07.10. 16:39 0 [OSEN=지형준 기자] 영화 '지느러미' 언론 배급 시사회가 10일 오후 서울 CGV 용산아이파크몰에서 열렸다. ‘지느러미’는 유전적 돌연변이 ‘오메가’와 인간이 공존하는 근미래 통일 대한민국 사회를 그린 디스토피아 SF 아트 시네마. 박세영 감독과 배우 김푸름, 고우가 포토타임을 하고 있다. 2026.07.10 / jpnews@osen.co.kr 100자평 도움말 삭제기준 AI 추천 오늘의 멤버십 박건형의 사이언스타 즉사한다 믿었던 심장마비… 골든타임 찾아낸 의사 김한수의 @쉼 간절한 소원 담아 쌓은 돌탑, 태풍에 다 쓸려가자 백담사 스님 曰 AI 추천 오늘의 멤버십 박건형의 사이언스타 즉사한다 믿었던 심장마비… 골든타임 찾아낸 의사 김한수의 @쉼 간절한 소원 담아 쌓은 돌탑, 태풍에 다 쓸려가자 백담사 스님 曰 AI 추천 오늘의 멤버십 박건형의 사이언스타 즉사한다 믿었던 심장마비… 골든타임 찾아낸 의사 김한수의 @쉼 간절한 소원 담아 쌓은 돌탑, 태풍에 다 쓸려가자 백담사 스님 曰 By Taboola By Taboola 당신이 좋아할 만한 콘텐츠 AD 초고화질 그래픽으로 구현된 광활한 우주 전선을 지금 탐험하세요. 파운데이션: 우주 전선 지금 플레이하기 돌아가기 AD 당수치 뚝 떨어트린 고혈당 환자... 중요했던 1가지 습관 김여사 더 알아보기 돌아가기 유나, '황금 골반' 드러낸 과감 수영복핏..ITZY 완전체 민낯 공개 돌아가기 '김부장' 최대훈, ♥아내는 '세계 미인대회 3위' 장윤서..일·사랑 다가졌다[핫피플] 돌아가기 AD ""당뇨"" 심각환자... 혈당 뚝 낮춰주었던 1가지 습관 김여사 더 알아보기 돌아가기 AD 충격! 발톱무좀이라면 모르면 절대안되는 팩트! 하루만 버티자 더 알아보기 돌아가기 연예 많이 본 뉴스 이경실, 부산행 KTX 민폐 사과 ""조용해 달라는 지적 받아..이성 잃었다"" [OSEN=하수정 기자] 코미디언 이경실이 부산행 KTX에서 소음을 지적받은 것에 대해 사과했다.이경실은 9일 ""정말 아주 오랜만에 대... 이종석·아이유, 4년 열애 끝 결별… 결별 사유 함구 ""좋은 동료로"" [공식입장] [OSEN=장우영 기자] 배우 이종석와 아이유가 4년 열애 끝에 결별했다. 10일 이종석의 소속사 에이스팩토리 측은 OSEN에 “(이종... 이종석·아이유, 4년 열애 끝 결별… 결별 사유 함구 ""좋은 동료로"" [공식입장] [OSEN=장우영 기자] 배우 이종석와 아이유가 4년 열애 끝에 결별했다. 10일 이종석의 소속사 에이스팩토리 측은 OSEN에 “(이종... By Taboola By Taboola 지금 뜨는 콘텐츠 AD [화제] 취등록세·보험료 0원, 신차보다 똑똑한 내차 타는 방법! 오토허브 돌아가기 AD 고현정 '폭풍감량' 비결로 난리! ‘체지방' 녹이는 신소재 ‘이것‘ 뭐길래?!! 고현정 슬림웨이 다이어트 돌아가기 기성용, ♥한혜진과 결혼 13주년 '만삭' 사진 공개..""나만 늙었다"" 돌아가기 NCT 재현, 휴가 영상 열애설 해명…“사랑하는 사촌동생” 돌아가기",https://www.chosun.com/entertainments/entertain_photo/2026/07/10/GFTDKNBWGRSGGYLDMI4WCYRSHA/
"[사진]김푸름-고우, '지느러미' 놀러 오세요",,"OSEN 입력 2026.07.10. 16:37 업데이트 2026.07.10. 16:38 0 [OSEN=지형준 기자] 영화 '지느러미' 언론 배급 시사회가 10일 오후 서울 CGV 용산아이파크몰에서 열렸다. ‘지느러미’는 유전적 돌연변이 ‘오메가’와 인간이 공존하는 근미래 통일 대한민국 사회를 그린 디스토피아 SF 아트 시네마. AdChoices 광고 배우 김푸름, 고우가 포토타임을 하고 있다. 2026.07.10 / jpnews@osen.co.kr Video Player is loading. Pause Next Unmute Current Time 0:02 / Duration 1:37 Loaded : 37.09% 0:02 Stream Type LIVE Seek to live, currently behind live LIVE Remaining Time - 1:35 1x Playback Rate Chapters Chapters Descriptions descriptions off , selected Subtitles subtitles settings , opens subtitles settings dialog subtitles off , selected Audio Track Ladin , selected Fullscreen This is a modal window. Beginning of dialog window. Escape will cancel and close the window. Text Color White Black Red Green Blue Yellow Magenta Cyan Transparency Opaque Semi-Transparent Background Color Black White Red Green Blue Yellow Magenta Cyan Transparency Opaque Semi-Transparent Transparent Window Color Black White Red Green Blue Yellow Magenta Cyan Transparency Transparent Semi-Transparent Opaque Font Size 50% 75% 100% 125% 150% 175% 200% 300% 400% Text Edge Style None Raised Depressed Uniform Dropshadow Font Family Proportional Sans-Serif Monospace Sans-Serif Proportional Serif Monospace Serif Casual Script Small Caps Reset restore all settings to the default values Done Close Modal Dialog End of dialog window. Backward Skip 10s Play Video Pause Video Forward Skip 10s 100자평 도움말 삭제기준 AI 추천 오늘의 멤버십 김한수의 @쉼 간절한 소원 담아 쌓은 돌탑, 태풍에 다 쓸려가자 백담사 스님 曰 김신영의 스테이블코인 스터디 “미국이 정해주마”… 통과 임박 ‘클래리티법’이 푼 가상자산 5대 난제 AI 추천 오늘의 멤버십 김한수의 @쉼 간절한 소원 담아 쌓은 돌탑, 태풍에 다 쓸려가자 백담사 스님 曰 김신영의 스테이블코인 스터디 “미국이 정해주마”… 통과 임박 ‘클래리티법’이 푼 가상자산 5대 난제 AI 추천 오늘의 멤버십 김한수의 @쉼 간절한 소원 담아 쌓은 돌탑, 태풍에 다 쓸려가자 백담사 스님 曰 김신영의 스테이블코인 스터디 “미국이 정해주마”… 통과 임박 ‘클래리티법’이 푼 가상자산 5대 난제 By Taboola By Taboola 당신이 좋아할 만한 콘텐츠 AD 초고화질 그래픽으로 구현된 광활한 우주 전선을 지금 탐험하세요. 파운데이션: 우주 전선 지금 플레이하기 돌아가기 AD 미국 유학 중인 자녀를 위해 영주권 취득이 꼭 필요한 이유 클럽이민 더 알아보기 돌아가기 유나, '황금 골반' 드러낸 과감 수영복핏..ITZY 완전체 민낯 공개 돌아가기 '김부장' 최대훈, ♥아내는 '세계 미인대회 3위' 장윤서..일·사랑 다가졌다[핫피플] 돌아가기 AD 충격! 발톱무좀이라면 모르면 절대안되는 팩트! 하루만 버티자 더 알아보기 돌아가기 AD 고현정 '폭풍감량' 비결로 난리! ‘체지방' 녹이는 신소재 ‘이것‘ 뭐길래?!! 고현정 슬림웨이 다이어트 더 알아보기 돌아가기 연예 많이 본 뉴스 이경실, 부산행 KTX 민폐 사과 ""조용해 달라는 지적 받아..이성 잃었다"" [OSEN=하수정 기자] 코미디언 이경실이 부산행 KTX에서 소음을 지적받은 것에 대해 사과했다.이경실은 9일 ""정말 아주 오랜만에 대... 이종석·아이유, 4년 열애 끝 결별… 결별 사유 함구 ""좋은 동료로"" [공식입장] [OSEN=장우영 기자] 배우 이종석와 아이유가 4년 열애 끝에 결별했다. 10일 이종석의 소속사 에이스팩토리 측은 OSEN에 “(이종... 이종석·아이유, 4년 열애 끝 결별… 결별 사유 함구 ""좋은 동료로"" [공식입장] [OSEN=장우영 기자] 배우 이종석와 아이유가 4년 열애 끝에 결별했다. 10일 이종석의 소속사 에이스팩토리 측은 OSEN에 “(이종... By Taboola By Taboola 지금 뜨는 콘텐츠 AD 새로 나온 '실비보험' 최적가 가입인기! ""보험료 절감하고 보장은 든든하게"" 굿리치 [등록번호:제2006038313호] 돌아가기 AD 무니코틴 주제에 타격감은 연초급?! 레딜 돌아가기 기성용, ♥한혜진과 결혼 13주년 '만삭' 사진 공개..""나만 늙었다"" 돌아가기 NCT 재현, 휴가 영상 열애설 해명…“사랑하는 사촌동생” 돌아가기",https://www.chosun.com/entertainments/entertain_photo/2026/07/10/GZSGGMTCHFTGIYJSGA2TGODEGI/
"[사진]김푸름-고우, '지느러미' 포즈",,"OSEN 입력 2026.07.10. 16:37 업데이트 2026.07.10. 16:39 0 [OSEN=지형준 기자] 영화 '지느러미' 언론 배급 시사회가 10일 오후 서울 CGV 용산아이파크몰에서 열렸다. ‘지느러미’는 유전적 돌연변이 ‘오메가’와 인간이 공존하는 근미래 통일 대한민국 사회를 그린 디스토피아 SF 아트 시네마. 배우 김푸름, 고우가 포토타임을 하고 있다. 2026.07.10 / jpnews@osen.co.kr Video Player is loading. Pause Next Unmute Current Time 0:02 / Duration 1:37 Loaded : 37.09% 0:02 Stream Type LIVE Seek to live, currently behind live LIVE Remaining Time - 1:35 1x Playback Rate Chapters Chapters Descriptions descriptions off , selected Subtitles subtitles settings , opens subtitles settings dialog subtitles off , selected Audio Track Ladin , selected Fullscreen This is a modal window. Beginning of dialog window. Escape will cancel and close the window. Text Color White Black Red Green Blue Yellow Magenta Cyan Transparency Opaque Semi-Transparent Background Color Black White Red Green Blue Yellow Magenta Cyan Transparency Opaque Semi-Transparent Transparent Window Color Black White Red Green Blue Yellow Magenta Cyan Transparency Transparent Semi-Transparent Opaque Font Size 50% 75% 100% 125% 150% 175% 200% 300% 400% Text Edge Style None Raised Depressed Uniform Dropshadow Font Family Proportional Sans-Serif Monospace Sans-Serif Proportional Serif Monospace Serif Casual Script Small Caps Reset restore all settings to the default values Done Close Modal Dialog End of dialog window. Backward Skip 10s Play Video Pause Video Forward Skip 10s 100자평 도움말 삭제기준 AI 추천 오늘의 멤버십 김신영의 스테이블코인 스터디 “미국이 정해주마”… 통과 임박 ‘클래리티법’이 푼 가상자산 5대 난제 김한수의 @쉼 간절한 소원 담아 쌓은 돌탑, 태풍에 다 쓸려가자 백담사 스님 曰 AI 추천 오늘의 멤버십 김신영의 스테이블코인 스터디 “미국이 정해주마”… 통과 임박 ‘클래리티법’이 푼 가상자산 5대 난제 김한수의 @쉼 간절한 소원 담아 쌓은 돌탑, 태풍에 다 쓸려가자 백담사 스님 曰 AI 추천 오늘의 멤버십 김신영의 스테이블코인 스터디 “미국이 정해주마”… 통과 임박 ‘클래리티법’이 푼 가상자산 5대 난제 김한수의 @쉼 간절한 소원 담아 쌓은 돌탑, 태풍에 다 쓸려가자 백담사 스님 曰 By Taboola By Taboola 당신이 좋아할 만한 콘텐츠 AD 초고화질 그래픽으로 구현된 광활한 우주 전선을 지금 탐험하세요. 파운데이션: 우주 전선 지금 플레이하기 돌아가기 AD 고현정 '폭풍감량' 비결로 난리! ‘체지방' 녹이는 신소재 ""이것"" 뭐길래?!! 고현정 슬림웨이 다이어트 더 알아보기 돌아가기 유나, '황금 골반' 드러낸 과감 수영복핏..ITZY 완전체 민낯 공개 돌아가기 '김부장' 최대훈, ♥아내는 '세계 미인대회 3위' 장윤서..일·사랑 다가졌다[핫피플] 돌아가기 AD 미국 유학 중인 자녀를 위해 영주권 취득이 꼭 필요한 이유 클럽이민 더 알아보기 돌아가기 AD 충격! 발톱무좀이라면 모르면 절대안되는 팩트! 하루만 버티자 더 알아보기 돌아가기 연예 많이 본 뉴스 이경실, 부산행 KTX 민폐 사과 ""조용해 달라는 지적 받아..이성 잃었다"" [OSEN=하수정 기자] 코미디언 이경실이 부산행 KTX에서 소음을 지적받은 것에 대해 사과했다.이경실은 9일 ""정말 아주 오랜만에 대... 이종석·아이유, 4년 열애 끝 결별… 결별 사유 함구 ""좋은 동료로"" [공식입장] [OSEN=장우영 기자] 배우 이종석와 아이유가 4년 열애 끝에 결별했다. 10일 이종석의 소속사 에이스팩토리 측은 OSEN에 “(이종... 이종석·아이유, 4년 열애 끝 결별… 결별 사유 함구 ""좋은 동료로"" [공식입장] [OSEN=장우영 기자] 배우 이종석와 아이유가 4년 열애 끝에 결별했다. 10일 이종석의 소속사 에이스팩토리 측은 OSEN에 “(이종... By Taboola By Taboola 지금 뜨는 콘텐츠 AD 새로 나온 '실비보험' 최적가 가입인기! ""보험료 절감하고 보장은 든든하게"" 굿리치 [등록번호:제2006038313호] 돌아가기 AD 무니코틴 주제에 타격감은 연초급?! 레딜 돌아가기 기성용, ♥한혜진과 결혼 13주년 '만삭' 사진 공개..""나만 늙었다"" 돌아가기 '심혜진 친조카' 심재원 ""19살에 母 별세..이모가 빈자리 다 메꿔줘"" 뭉클 가족사 ('조선의 사랑꾼') 돌아가기",https://www.chosun.com/entertainments/entertain_photo/2026/07/10/MEZTIYLCGEYDGYTEME3DIYZZMQ/
"[사진]김푸름-고우, '지느러미' 기대하세요",,"OSEN 입력 2026.07.10. 16:37 업데이트 2026.07.10. 16:38 0 [OSEN=지형준 기자] 영화 '지느러미' 언론 배급 시사회가 10일 오후 서울 CGV 용산아이파크몰에서 열렸다. ‘지느러미’는 유전적 돌연변이 ‘오메가’와 인간이 공존하는 근미래 통일 대한민국 사회를 그린 디스토피아 SF 아트 시네마. 배우 김푸름, 고우가 포토타임을 하고 있다. 2026.07.10 / jpnews@osen.co.kr Video Player is loading. Pause Next Unmute Current Time 0:02 / Duration 1:37 Loaded : 37.09% 0:02 Stream Type LIVE Seek to live, currently behind live LIVE Remaining Time - 1:35 1x Playback Rate Chapters Chapters Descriptions descriptions off , selected Subtitles subtitles settings , opens subtitles settings dialog subtitles off , selected Audio Track Ladin , selected Fullscreen This is a modal window. Beginning of dialog window. Escape will cancel and close the window. Text Color White Black Red Green Blue Yellow Magenta Cyan Transparency Opaque Semi-Transparent Background Color Black White Red Green Blue Yellow Magenta Cyan Transparency Opaque Semi-Transparent Transparent Window Color Black White Red Green Blue Yellow Magenta Cyan Transparency Transparent Semi-Transparent Opaque Font Size 50% 75% 100% 125% 150% 175% 200% 300% 400% Text Edge Style None Raised Depressed Uniform Dropshadow Font Family Proportional Sans-Serif Monospace Sans-Serif Proportional Serif Monospace Serif Casual Script Small Caps Reset restore all settings to the default values Done Close Modal Dialog End of dialog window. Backward Skip 10s Play Video Pause Video Forward Skip 10s 100자평 도움말 삭제기준 AI 추천 오늘의 멤버십 윤희영어 경찰이 외치는 ‘Freeze!’와 ‘Stay put!’의 차이 김한수의 @쉼 간절한 소원 담아 쌓은 돌탑, 태풍에 다 쓸려가자 백담사 스님 曰 AI 추천 오늘의 멤버십 윤희영어 경찰이 외치는 ‘Freeze!’와 ‘Stay put!’의 차이 김한수의 @쉼 간절한 소원 담아 쌓은 돌탑, 태풍에 다 쓸려가자 백담사 스님 曰 AI 추천 오늘의 멤버십 윤희영어 경찰이 외치는 ‘Freeze!’와 ‘Stay put!’의 차이 김한수의 @쉼 간절한 소원 담아 쌓은 돌탑, 태풍에 다 쓸려가자 백담사 스님 曰 By Taboola By Taboola 당신이 좋아할 만한 콘텐츠 AD 초고화질 그래픽으로 구현된 광활한 우주 전선을 지금 탐험하세요. 파운데이션: 우주 전선 지금 플레이하기 돌아가기 AD 고현정 '폭풍감량' 비결로 난리! ‘체지방' 녹이는 신소재 ‘이것‘ 뭐길래?!! 고현정 슬림웨이 다이어트 더 알아보기 돌아가기 유나, '황금 골반' 드러낸 과감 수영복핏..ITZY 완전체 민낯 공개 돌아가기 '김부장' 최대훈, ♥아내는 '세계 미인대회 3위' 장윤서..일·사랑 다가졌다[핫피플] 돌아가기 AD 충격! 발톱무좀이라면 모르면 절대안되는 팩트! 하루만 버티자 더 알아보기 돌아가기 AD 미국 유학 중인 자녀를 위해 영주권 취득이 꼭 필요한 이유 클럽이민 더 알아보기 돌아가기 연예 많이 본 뉴스 이경실, 부산행 KTX 민폐 사과 ""조용해 달라는 지적 받아..이성 잃었다"" [OSEN=하수정 기자] 코미디언 이경실이 부산행 KTX에서 소음을 지적받은 것에 대해 사과했다.이경실은 9일 ""정말 아주 오랜만에 대... 이종석·아이유, 4년 열애 끝 결별… 결별 사유 함구 ""좋은 동료로"" [공식입장] [OSEN=장우영 기자] 배우 이종석와 아이유가 4년 열애 끝에 결별했다. 10일 이종석의 소속사 에이스팩토리 측은 OSEN에 “(이종... 이종석·아이유, 4년 열애 끝 결별… 결별 사유 함구 ""좋은 동료로"" [공식입장] [OSEN=장우영 기자] 배우 이종석와 아이유가 4년 열애 끝에 결별했다. 10일 이종석의 소속사 에이스팩토리 측은 OSEN에 “(이종... By Taboola By Taboola 지금 뜨는 콘텐츠 AD 새로 나온 '실비보험' 최적가 가입인기! ""보험료 절감하고 보장은 든든하게"" 굿리치 [등록번호:제2006038313호] 돌아가기 AD 이번달만 신차장기렌트 제네시스 월 납입 최저가 견적 발송중 신차장기렌트 인드림카 돌아가기 NCT 재현, 휴가 영상 열애설 해명…“사랑하는 사촌동생” 돌아가기 기성용, ♥한혜진과 결혼 13주년 '만삭' 사진 공개..""나만 늙었다"" 돌아가기",https://www.chosun.com/entertainments/entertain_photo/2026/07/10/HFRGGNZVGAZGGYTEHEYTCZLGMQ/
"與 임오경, 축구협회 청문회 손흥민·황희찬 참고인 신청 철회",,"김도균 기자 입력 2026.07.10. 16:36 업데이트 2026.07.10. 16:50 5 월드컵대표팀 손흥민과 황희찬/ 최문영 스포츠조선 기자 임오경 더불어민주당 의원이 국회 문화체육관광위원회의 대한축구협회 청문회에 손흥민(LAFC)과 황희찬(울버햄프턴)을 참고인으로 부르지 않기로 했다. 10일 임 의원은 자신의 페이스북에서 “당의 의견과 선수들의 경기 일정, 입장을 종합적으로 고려해 참고인 신청을 철회했다”고 밝혔다. 이어 “이는 선수들에게 부담을 주기 위한 것이 아니라, 한국 축구의 발전을 위한 더 나은 청문회를 만들기 위한 결정”이라고 덧붙였다. 앞서 지난 9일 문체위는 대한축구협회의 국가대표팀 감독 선임 절차 등을 점검하는 청문회를 22일 열기로 의결한 바 있다. 당시 임 의원은 “협회와 국가대표팀, 해외 축구 시스템을 가장 가까이에서 경험한 현역 선수들의 목소리를 듣기 위한 것”이라며 손흥민·황희찬을 청문회에 부를 참고인 명단에 포함했다. 참고인은 청문회 출석 의무가 없다. 하지만 이를 두고 일각에선 ‘보여주기식 쇼’ 아니냐는 비판이 제기됐다. 특히 청문회 다음 날 미국에서 소속팀 경기가 있는 손흥민이 출석하는 것은 비현실적이라는 것이다. 황희찬 역시 해외에서 새 시즌을 준비하는 상황이다. 논란이 이어지자 임 의원은 하루 만에 두 선수를 참고인 명단에서 제외했다. 한편 청문회 증인으로 채택된 홍명보 전 대표팀 감독은 청문회 참석 의사를 밝힌 상태다. 정몽규 전 대한축구협회장, 이임생 전 기술총괄이사 등도 증인 명단에 이름을 올렸다. 참고인 명단에는 ‘케이(K)-축구 혁신위원회’ 공동위원장인 박지성 국제축구연맹(FIFA) 분과위원회 위원과 유승민 대한체육회장, 이영표·박주호 해설위원 등이 포함됐다. 영문 기사 보기 (View English Article) #더불어민주당 #손흥민 황희찬 더불어민주당 더보기 美로 떠났던 홍명보 ""청문회 출석하겠다"" 미국 LA에 머물고 있는 홍명보 전 축구대표팀 감독이 북중미 월드컵 성적 부진에 대해 재차 사과하며 국회 청문회에 출석하겠다고 밝혔다. 홍 전 ... 與, 반쪽 국회 강행… 野 없이 '축구협 청문회' 일정 잡아 국회가 9일 국민의힘이 불참한 가운데 상임위원회 3곳에서 전체회의를 열고 정부 업무 보고를 받고, 축구협회 청문회 안건을 의결했다. 국민의힘이 ... 월드컵 못 나가봤는데… '스타' 아니어도 '명장' 되더라 북중미 월드컵에서 프랑스를 이끄는 디디에 데샹 감독은 현역 시절 ‘장군(Le General)’으로 불렸다. 프랑스 대표팀에서 A매치 103경기를... 김도균 기자 2024년 입사, 사회부 기동팀을 거쳐 스포츠부에 있습니다. 축구·배구·육상·e스포츠 등을 담당합니다. 구독 구독수 53 Video Player is loading. Pause Next Unmute Current Time 0:00 / Duration 1:37 Loaded : 16.48% 0:00 Stream Type LIVE Seek to live, currently behind live LIVE Remaining Time - 1:37 1x Playback Rate Chapters Chapters Descriptions descriptions off , selected Subtitles subtitles settings , opens subtitles settings dialog subtitles off , selected Audio Track Ladin , selected Fullscreen This is a modal window. Beginning of dialog window. Escape will cancel and close the window. Text Color White Black Red Green Blue Yellow Magenta Cyan Transparency Opaque Semi-Transparent Background Color Black White Red Green Blue Yellow Magenta Cyan Transparency Opaque Semi-Transparent Transparent Window Color Black White Red Green Blue Yellow Magenta Cyan Transparency Transparent Semi-Transparent Opaque Font Size 50% 75% 100% 125% 150% 175% 200% 300% 400% Text Edge Style None Raised Depressed Uniform Dropshadow Font Family Proportional Sans-Serif Monospace Sans-Serif Proportional Serif Monospace Serif Casual Script Small Caps Reset restore all settings to the default values Done Close Modal Dialog End of dialog window. Backward Skip 10s Play Video Pause Video Forward Skip 10s 100자평 5 도움말 삭제기준 최신순 관심순 mylup 2026.07.10 17:05 임오경은 뭘 알고나 설치는지 도통 모르겠다. 답글작성 0 0 사는이야기 2026.07.10 17:04 임오경 핸드볼 선수 하다 줄 잘서 국회의원 하니  보이는게 없지 갑질 그만하라 답글작성 1 0 온동가리 2026.07.10 16:56 생각좀 해보고 내질러라 답글작성 4 0 더보기 AI 추천 오늘의 멤버십 김한수의 @쉼 간절한 소원 담아 쌓은 돌탑, 태풍에 다 쓸려가자 백담사 스님 曰 윤희영어 경찰이 외치는 ‘Freeze!’와 ‘Stay put!’의 차이 AI 추천 오늘의 멤버십 김한수의 @쉼 간절한 소원 담아 쌓은 돌탑, 태풍에 다 쓸려가자 백담사 스님 曰 윤희영어 경찰이 외치는 ‘Freeze!’와 ‘Stay put!’의 차이 AI 추천 오늘의 멤버십 김한수의 @쉼 간절한 소원 담아 쌓은 돌탑, 태풍에 다 쓸려가자 백담사 스님 曰 윤희영어 경찰이 외치는 ‘Freeze!’와 ‘Stay put!’의 차이 By Taboola By Taboola 당신이 좋아할 만한 콘텐츠 AD 초고화질 그래픽으로 구현된 광활한 우주 전선을 지금 탐험하세요. 파운데이션: 우주 전선 지금 플레이하기 돌아가기 AD 고현정 '폭풍감량' 비결로 난리! ‘체지방' 녹이는 신소재 ‘이것‘ 뭐길래?!! 고현정 슬림웨이 다이어트 더 알아보기 돌아가기 ""이혼 18년차"" 90년대 청춘스타 유혜정, 26살된 딸 최초 공개 ('특종세상') 돌아가기 '김부장' 최대훈, ♥아내는 '세계 미인대회 3위' 장윤서..일·사랑 다가졌다[핫피플] 돌아가기 AD 미국 유학 중인 자녀를 위해 영주권 취득이 꼭 필요한 이유 클럽이민 더 알아보기 돌아가기 AD 충격! 발톱무좀이라면 모르면 절대안되는 팩트! 하루만 버티자 더 알아보기 돌아가기 사회 많이 본 뉴스 '대북송금 제3자뇌물' 김성태, 재판 다시 받는다... 李대통령 재판에도 영향 전망 쌍방울 800만 달러 대북송금 사건과 관련해 제3자 뇌물 혐의로 기소된 김성태 전 쌍방울그룹 회장에 대한 1심 공소기각 판결이 항소심에... 물폭탄 그친뒤 '한증막 더위'... 주말 낮 38도에 열대야 온다 장맛비가 잦아든 뒤 주말부터는 전국 대부분 지역에 폭염이 찾아오겠다. 비가 그친 뒤 습도가 높은 상태에서 낮 기온이 크게 오르면서 체감... 물폭탄 그친뒤 '한증막 더위'... 주말 낮 38도에 열대야 온다 장맛비가 잦아든 뒤 주말부터는 전국 대부분 지역에 폭염이 찾아오겠다. 비가 그친 뒤 습도가 높은 상태에서 낮 기온이 크게 오르면서 체감... By Taboola By Taboola 지금 뜨는 콘텐츠 AD 한국을 지킨 영웅, 하지만 지금은 가난과 싸우고 있습니다 굿네이버스 돌아가기 AD 이번달만 신차장기렌트 제네시스 월 납입 최저가 견적 발송중 신차장기렌트 인드림카 돌아가기 ""민지야 살아만 있어"" '김부장' 소지섭, 피칠갑 폭우 액션..부성애 절절 [Oh!쎈 예고] 돌아가기 NCT 재현, 휴가 영상 열애설 해명…“사랑하는 사촌동생” 돌아가기",https://www.chosun.com/national/national_general/2026/07/10/UWMQ6EOJPFCB7KD7VB3OVLESZQ/
"군산 모듈러 공장 찾은 김윤덕 국토 장관 ""좋은 집, 더 빠르게 공급""",,"정민하 기자(조선비즈) 입력 2026.07.10. 16:36 업데이트 2026.07.10. 16:37 0 김윤덕 국토교통부 장관이 10일 오전 전북 군산시에 위치한 모듈러 주택 제작 공장을 방문해 생산 현장을 점검하고 있다. /국토교통부 제공 국토교통부는 김윤덕 장관이 10일 전북 군산시에 있는 모듈러 주택 제조 공장을 찾았다고 밝혔다. 김 장관은 건축물의 핵심 구조를 공장에서 미리 만든 뒤 현장으로 옮겨 조립하는 모듈러 공법의 생산 현장을 직접 살폈다. 이어서 한국토지주택공사(LH), 국토교통과학기술진흥원(KAIA), 업계 관계자들과 함께 모듈러 주택 분야를 활성화하기 위한 소통의 자리를 가졌다. 이번 방문은 국내 모듈러 주택의 대형화와 고층화를 이끌어갈 대표적 시범 프로젝트인 ‘LH 의왕초평 사업’의 주택 구조물 제작 과정을 격려하고, 관련 산업을 키우기 위한 구체적인 방안을 논의하고자 마련됐다. 이 사업은 총 381세대 규모로 약 860억원이 투입되는 프로젝트다. 간담회 자리에서 김 장관은 “작업자 고령화·외국 인력 의존 심화·기후 변화 등 문제로 우리 건설 산업이 구조적인 어려움에 직면해 있다”며 “체계적인 공정 관리가 가능한 ‘모듈러 기술’이 외부 요인에 흔들리지 않고, 고품질 주택을 빠르게 공급하는 핵심 돌파구가 될 수 있다”고 했다. 또한 김 장관은 이번 방문에 대해 “국내 모듈러 주택의 고층화·대형화 가능성을 확인하는 중요한 사업을 이곳 군산 공장을 비롯한 주요 기업들과 함께 진행 중”이라며 “대한민국 모듈러 산업의 이정표가 될 수 있는 프로젝트인 만큼, 사업을 차질 없이 추진하여 향후 시장을 견인하는 모범사례로 만들어 달라”고 당부했다. 한편 간담회에서 업계 관계자들은 초기 시설 투자에 따른 자금 압박과 모듈러 공법의 특성을 세심하게 담아내지 못하는 굳어진 규제 탓에 겪는 어려움을 토로했다. 모듈러 공법은 기존의 일반적인 건축 방식과 비교했을 때 공사 기간을 20~30%가량 줄일 수 있고, 높은 곳에서 하는 작업이 적어 인명 사고를 예방하는 데 유리하다는 여러 이점이 있다. 하지만 아직은 시장 형성 초기 단계여서 건축비가 일반 공법보다 약 30%가량 더 많이 들고, 여러 건설 기준과 규정들을 다듬어야 하는 숙제가 남아있다. 이에 국토부는 ‘모듈러 건축 활성화 지원에 관한 특별법’을 제정해 기업들을 위한 맞춤형 혜택과 장려책을 마련할 방침이다. 이와 함께 모듈러 방식으로 짓는 공공주택 공급을 늘려 시장의 불을 지피는 등 산업 생태계를 탄탄하게 키우기 위한 지원책을 적극적으로 펼칠 예정이다. 김 장관은 “모듈러 기술이 국민 주거안정과 건설 산업 혁신을 이끄는 중요한 선택지가 될 수 있도록 든든히 뒷받침 하겠다”면서 “정부 역시 현장 목소리에 귀 기울이며 애로사항 해소에 필요한 정책 지원과 제도 개선사항을 신속히 반영하겠다”고 했다. 영문 기사 보기 (View English Article) Video Player is loading. Pause Next Unmute Current Time 0:01 / Duration 1:37 Loaded : 37.09% 0:01 Stream Type LIVE Seek to live, currently behind live LIVE Remaining Time - 1:36 1x Playback Rate Chapters Chapters Descriptions descriptions off , selected Subtitles subtitles settings , opens subtitles settings dialog subtitles off , selected Audio Track Ladin , selected Fullscreen This is a modal window. Beginning of dialog window. Escape will cancel and close the window. Text Color White Black Red Green Blue Yellow Magenta Cyan Transparency Opaque Semi-Transparent Background Color Black White Red Green Blue Yellow Magenta Cyan Transparency Opaque Semi-Transparent Transparent Window Color Black White Red Green Blue Yellow Magenta Cyan Transparency Transparent Semi-Transparent Opaque Font Size 50% 75% 100% 125% 150% 175% 200% 300% 400% Text Edge Style None Raised Depressed Uniform Dropshadow Font Family Proportional Sans-Serif Monospace Sans-Serif Proportional Serif Monospace Serif Casual Script Small Caps Reset restore all settings to the default values Done Close Modal Dialog End of dialog window. Backward Skip 10s Play Video Pause Video Forward Skip 10s 100자평 도움말 삭제기준 AI 추천 오늘의 멤버십 김한수의 @쉼 간절한 소원 담아 쌓은 돌탑, 태풍에 다 쓸려가자 백담사 스님 曰 윤희영어 경찰이 외치는 ‘Freeze!’와 ‘Stay put!’의 차이 AI 추천 오늘의 멤버십 김한수의 @쉼 간절한 소원 담아 쌓은 돌탑, 태풍에 다 쓸려가자 백담사 스님 曰 윤희영어 경찰이 외치는 ‘Freeze!’와 ‘Stay put!’의 차이 AI 추천 오늘의 멤버십 김한수의 @쉼 간절한 소원 담아 쌓은 돌탑, 태풍에 다 쓸려가자 백담사 스님 曰 윤희영어 경찰이 외치는 ‘Freeze!’와 ‘Stay put!’의 차이 By Taboola By Taboola 당신이 좋아할 만한 콘텐츠 AD 초고화질 그래픽으로 구현된 광활한 우주 전선을 지금 탐험하세요. 파운데이션: 우주 전선 지금 플레이하기 돌아가기 AD 고현정 '폭풍감량' 비결로 난리! ‘체지방' 녹이는 신소재 ‘이것‘ 뭐길래?!! 고현정 슬림웨이 다이어트 더 알아보기 돌아가기 '김부장' 최대훈, ♥아내는 '세계 미인대회 3위' 장윤서..일·사랑 다가졌다[핫피플] 돌아가기 유나, '황금 골반' 드러낸 과감 수영복핏..ITZY 완전체 민낯 공개 돌아가기 AD 미국 유학 중인 자녀를 위해 영주권 취득이 꼭 필요한 이유 클럽이민 더 알아보기 돌아가기 AD 한국을 지킨 영웅, 하지만 지금은 가난과 싸우고 있습니다 굿네이버스 더 알아보기 돌아가기 조선경제 많이 본 뉴스 네이버 별점 5년 만에 부활… 자영업자는 속이 탄다 네이버가 식당과 카페 같은 장소를 소비자가 별점으로 평가하는 제도를 5년여 만에 부활시키면서, 자영업자들 사이에서 불안이 확산하고 있다... 폴크스바겐, 10만명 감원 추진… 자동차업계 사상 최대 구조조정 독일 폴크스바겐그룹이 전 세계 직원의 15%에 달하는 최대 10만명을 줄이는 구조조정을 추진하는 것으로 알려졌다. 독일 공장 4곳을 추... 폴크스바겐, 10만명 감원 추진… 자동차업계 사상 최대 구조조정 독일 폴크스바겐그룹이 전 세계 직원의 15%에 달하는 최대 10만명을 줄이는 구조조정을 추진하는 것으로 알려졌다. 독일 공장 4곳을 추... By Taboola By Taboola 지금 뜨는 콘텐츠 AD 충격! 발톱무좀이라면 모르면 절대안되는 팩트! 하루만 버티자 돌아가기 AD 새로 나온 '실비보험' 최적가 가입인기! ""보험료 절감하고 보장은 든든하게"" 굿리치 [등록번호:제2006038313호] 돌아가기 NCT 재현, 휴가 영상 열애설 해명…“사랑하는 사촌동생” 돌아가기 기성용, ♥한혜진과 결혼 13주년 '만삭' 사진 공개..""나만 늙었다"" 돌아가기",https://www.chosun.com/economy/real_estate/2026/07/10/HEZTSNTBGYYDGMTEMJQWCYTGMU/
'홀란vs케인'에 메시의 아르헨티나 경기까지…주말 8강 빅매치,,"뉴시스 입력 2026.07.10. 16:49 0 [서울=뉴시스] 김진엽 기자 = ‘골잡이’ 엘링 홀란이 활약하는 노르웨이와 ‘월드클래스 공격수’ 해리 케인이 뛰는 잉글랜드가 맞대결을 펼친다. 노르웨이와 잉글랜드는 오는 12일 오전 6시(한국 시간) 미국 플로리다주 마이애미가든스의 마이애미 스타디움에서 2026 국제축구연맹(FIFA) 북중미 월드컵 8강전을 치른다. 노르웨이는 지난 6일 ‘삼바 축구’ 브라질에 2-1 신승을 거뒀고, 잉글랜드는 같은 날 ‘공동 개최국’ 멕시코에 3-2 진땀승을 기록했다. 노르웨이는 이번 대회 전까지 1938년, 1998년 대회에서 기록한 16강이 월드컵 최고 성적이었다. 하지만 홀란을 앞세워 강팀인 브라질까지 꺾고 8강에 오르는 새 역사를 썼다. 잉글랜드 프로축구 프리미어리그(EPL) 맨체스터 시티에서 활약 중인 홀란은 생애 첫 월드컵에서도 날카로운 발끝을 자랑하고 있다. 무려 7골을 기록하며 리오넬 메시(아르헨티나), 킬리안 음바페(이상 8골)에 이어 득점 랭킹 3위를 달리고 있다. 잉글랜드에는 한국 남자 축구 대표팀 수비수 김민재의 독일 프로축구 분데스리가 바이에른 뮌헨 팀 동료인 케인이 있다. 2018 러시아 대회 때 6골을 기록해 득점왕을 받았던 케인은 이번 대회에서도 6골을 터트려 대회 득점 4위를 달리는 중이다. 득점뿐 아니라 센터 서클까지 내려와 공수 연결고리 역할을 맡는 등 에이스의 역할을 톡톡히 해내고 있다. 양 팀의 최전방 창끝은 우열을 가리기 힘들지만, 선수 개개인의 이름값에선 잉글랜드가 앞선다. 이에 통계 업체 ‘옵타’는 잉글랜드의 승리를 50.4%로, 노르웨이의 승리 가능성을 25.1%로 전망했다. 무승부 확률은 24.6%다. 다만 잉글랜드의 수비진이 온전하지 않다. 멕시코전에서 퇴장 당한 자렐 콴사가 이날 경기 징계 여파로 출전하지 못하는 가운데 또 다른 핵심 중앙 수비수인 마크 게히는 햄스트링 이슈가 불거졌다. 영국 매체 ‘BBC’는 홀란을 막아야 할 잉글랜드 수비진의 상태가 불안하다는 사실을 주목하기도 했다. 같은 날 오전 10시 미국 미주리주 캔자스시티의 캔자스시티 스타디움에서는 ‘디펜딩 챔피언’ 아르헨티나와 스위스가 맞붙는다. ‘축구의 신’ 메시의 라스트 댄스에 많은 이목이 쏠리는 한 판이다. 아르헨티나는 ‘역대 월드컵 최다 득점자(21골)’ 메시를 앞세워 2연패에 도전한다. 메시가 아직 8강전을 치르지 않은 사이, 10일 음바페가 1골1도움으로 프랑스의 모로코전 2-0 승리에 앞장섰다. 메시가 생애 첫 골든 부츠(월드컵 득점왕)와 2연패 가능성을 높이기 위해선 스위스전에서 골맛을 봐야 한다. 이번 대회 8강 진출로 역대 최고 성적과 타이를 이룬 스위스는 조직력을 바탕으로 자국 월드컵 기록 새 역사 쓰기에 도전한다. ‘옵타’는 아르헨티나의 승리를 57.1%로 전망했으며, 스위스 승리 가능성을 18.7%로 평가했다. 무승부 확률은 24.2%다. 12일 일정에서 승리하는 팀들은 오는 16일 오전 4시 결승 진출권을 놓고 맞대결을 펼친다. 앞선 11일 오전 4시 미국 캘리포니아주 잉글우드의 로스앤젤레스 스타디움에서는 스페인과 벨기에가 격돌한다. 스페인에서는 ‘신성’ 라민 야말, 벨기에에선 ‘베테랑 미드필더’ 케빈 더 브라위너가 기대만큼의 활약을 보이진 못하지만 팀워크를 앞세워 8강까지 진출했다. 전력면에선 스페인이 앞서는 만큼, ‘옵타’는 스페인의 승리 확률을 58.3%로 점쳤다. 무승부는 22.6%, 벨기에의 승리 확률은 19.1%로 내다봤다. 여기서 승리하는 팀은 15일 오전 4시 프랑스과 4강전을 치른다. ◎공감언론 뉴시스 wlsduq123@newsis.com Video Player is loading. Pause Next Unmute Current Time 0:02 / Duration 1:37 Loaded : 37.09% 0:02 Stream Type LIVE Seek to live, currently behind live LIVE Remaining Time - 1:35 1x Playback Rate Chapters Chapters Descriptions descriptions off , selected Subtitles subtitles settings , opens subtitles settings dialog subtitles off , selected Audio Track Ladin , selected Fullscreen This is a modal window. Beginning of dialog window. Escape will cancel and close the window. Text Color White Black Red Green Blue Yellow Magenta Cyan Transparency Opaque Semi-Transparent Background Color Black White Red Green Blue Yellow Magenta Cyan Transparency Opaque Semi-Transparent Transparent Window Color Black White Red Green Blue Yellow Magenta Cyan Transparency Transparent Semi-Transparent Opaque Font Size 50% 75% 100% 125% 150% 175% 200% 300% 400% Text Edge Style None Raised Depressed Uniform Dropshadow Font Family Proportional Sans-Serif Monospace Sans-Serif Proportional Serif Monospace Serif Casual Script Small Caps Reset restore all settings to the default values Done Close Modal Dialog End of dialog window. Backward Skip 10s Play Video Pause Video Forward Skip 10s 100자평 도움말 삭제기준 많이 본 뉴스 세광고, 배명고 10대2 제압… 창단 첫 청룡기 결승 진출 세광고가 창단 첫 결승 진출에 이어 청룡기 우승까지 노린다. 세광고는 10일 서울 목동야구장에서 재개된 제81회 청룡기 전국고교야구선수... ""이정후 FA 포기할 것 같다"" 충격 전망, 이적시 최대 5년 계약밖에 못할지도…SF 담당 기자 '트레이드 주장' [OSEN=이상학 객원기자] 이정후(27·샌프란시스코 자이언츠)가 내년 시즌 후 FA가 될 수 있는 옵트 아웃을 포기할 것이라는 전망이... ""이정후 FA 포기할 것 같다"" 충격 전망, 이적시 최대 5년 계약밖에 못할지도…SF 담당 기자 '트레이드 주장' [OSEN=이상학 객원기자] 이정후(27·샌프란시스코 자이언츠)가 내년 시즌 후 FA가 될 수 있는 옵트 아웃을 포기할 것이라는 전망이... By Taboola By Taboola 당신이 좋아할 만한 콘텐츠 AD 초고화질 그래픽으로 구현된 광활한 우주 전선을 지금 탐험하세요. 파운데이션: 우주 전선 지금 플레이하기 돌아가기 AD 고현정 '폭풍감량' 비결로 난리! ‘체지방' 녹이는 신소재 ‘이것‘ 뭐길래?!! 고현정 슬림웨이 다이어트 더 알아보기 돌아가기 NCT 재현, 휴가 영상 열애설 해명…“사랑하는 사촌동생” 돌아가기 유나, '황금 골반' 드러낸 과감 수영복핏..ITZY 완전체 민낯 공개 돌아가기 AD 몸속 꽉찬 '찐득지방', 미친듯이 싹~ 녹인 [고현정 폭풍감량비결] ""이것"" (+백만뷰) 연예인 폭풍감량비법 - 슬림웨이 더 알아보기 돌아가기 AD 충격! 발톱무좀이라면 모르면 절대안되는 팩트! 하루만 버티자 더 알아보기 돌아가기 By Taboola By Taboola 지금 뜨는 콘텐츠 AD 미국 유학 중인 자녀를 위해 영주권 취득이 꼭 필요한 이유 클럽이민 돌아가기 AD 무니코틴 주제에 타격감은 연초급?! 레딜 돌아가기 '김부장' 최대훈, ♥아내는 '세계 미인대회 3위' 장윤서..일·사랑 다가졌다[핫피플] 돌아가기 '심혜진 친조카' 심재원 ""19살에 母 별세..이모가 빈자리 다 메꿔줘"" 뭉클 가족사 ('조선의 사랑꾼') 돌아가기",https://www.chosun.com/sports/sports_special/2026/07/10/XXILPWDRS5BRRHMKCAF5EGOWHY/
與 당권주자들 일제히 호남행…서울보다 많은 당원 표심 잡아라,,"이건 기자(조선비즈) 입력 2026.07.10. 16:42 업데이트 2026.07.10. 16:49 0 오는 8월 17일로 예정된 더불어민주당 전당대회 당대표 선거에 출마하는 3인방(김민석·송영길·정청래)이 모두 호남에 공을 들이고 있다. 최대 승부처로 꼽히는 호남 민심을 선점하기 위한 경쟁이 본격화하는 모습이다. (왼쪽부터) 김민석 전 총리, 정청래 전 대표 송영길 의원./ 뉴스1 지난 6일 광주에서 출마를 선언한 김민석 전 총리는 7일 서울에서 열린 메가프로젝트 토론회를 제외하고는 줄곧 호남에 머무르고 있다. 8일에는 목포를 비롯한 전남 서부를 찾아 민심을 챙겼고, 9일에는 전남 동부권인 여수·광양을 방문했다. 이날은 전북으로 이동해 이원택 전북지사를 만나고, 전북도당 상무위원회와 군산 조선소를 찾는 등 2박 3일째 호남 일정을 이어가고 있다. 김 전 총리는 이날 전북도당 상무위원회에 참석해 “전북에 도움이 되는 당대표가 되겠다”며 “(총리 재임 시절) 가장 공을 들였던 사안이 새만금의 현대차 투자”라고 밝혔다. 이어 “익산 명예시민이 돼 한병도 의원 지역구 주민이기도 하다”며 “새만금 발전은 로망”이라고 강조하며 호남 민심에 지지를 호소했다. 8일 당대표 출마를 선언한 송 의원도 호남 공략에 나선 모습이다. 송 의원은 서울에서 출마선언을 한 직후인 9일 광주로 내려가 다시 한 번 당대표 출마 기자회견을 열었고, 이후 1박 2일 동안 호남 일정을 이어가고 있다. 송 의원은 이날 삼성전자 광주사업장은 방문한 후 기자들과 만나 “당대표가 된다면 3대 메가프로젝트를 뒷받침할 특별위원회를 구성하고, 당대표가 직접 챙겨 입법적으로 필요한 부분을 바로 지원하겠다”고 밝혔다. 송 의원은 이날 오후 전남·광주 권리당원들과 타운홀 미팅을 진행한 뒤, 서구 양동시장을 찾아 상인회를 만나는 등 현장 행보를 이어갈 예정이다. 정청래 전 대표는 세 후보 가운데 가장 적극적으로 호남 공략에 나서고 있다. 그는 대표직 사퇴 직후부터 이원택 전북지사 취임식과 전북도당 당선자 워크숍 참석 등을 포함해 전북 지역을 세 차례 이상 방문했다. 또한 지난 3일에는 순천을, 4일에는 김대중 전 대통령의 고향인 하의도를 찾는 등 호남 지역 행보를 이어갔다. 이날 역시 전북을 다시 방문해 김 전 총리와 함께 전북도당 상무위원회에 참석해 지방선거에서의 성과를 강조했다. 정 전 대표는 “도지사 선거에서 승리했고, 14개 시장·군수 선거에서도 이겼으며, 도의원 역시 지역구에서 100% 당선됐다”며 “가장 어려운 선거였지만 가장 크게 이겼다”고 말했다. 정 전 대표는 오후에는 광주 조선대를 찾아 ‘국민이 지킨 나라, 민주적 국민정당’을 주제로 강연에 나선다. 당권 주자 3인방이 일제히 호남을 찾는 이유는 권리당원 수가 가장 많은 지역인 데다 1인 1표제가 적용돼 권리당원 민심의 영향력이 크기 때문이다. 여기에 민주당의 적극 지지층이 밀집해 있어 실제 투표 참여율도 높을 것으로 예상된다. 한 민주당 관계자는 “호남은 권리당원 비중이 높고 적극적으로 투표하는 사람이 많기 때문에, 전당대회 결과를 좌우할 수 있는 상징성과 실질적 영향력을 동시에 갖고 있다”고 했다. 지난해 8월 진행된 전당대회 기준으로 호남권 권리당원수 약 36만명으로, 수도권인 경기·인천(33만명)과 서울(21만명)보다 많은 것으로 나타났다. 영문 기사 보기 (View English Article) 국회 국민의힘 더불어민주당 민주당 김민석 송영길 정청래 전당대회 Video Player is loading. Pause Next Unmute Current Time 0:02 / Duration 1:37 Loaded : 37.09% 0:02 Stream Type LIVE Seek to live, currently behind live LIVE Remaining Time - 1:35 1x Playback Rate Chapters Chapters Descriptions descriptions off , selected Subtitles subtitles settings , opens subtitles settings dialog subtitles off , selected Audio Track Ladin , selected Fullscreen This is a modal window. Beginning of dialog window. Escape will cancel and close the window. Text Color White Black Red Green Blue Yellow Magenta Cyan Transparency Opaque Semi-Transparent Background Color Black White Red Green Blue Yellow Magenta Cyan Transparency Opaque Semi-Transparent Transparent Window Color Black White Red Green Blue Yellow Magenta Cyan Transparency Transparent Semi-Transparent Opaque Font Size 50% 75% 100% 125% 150% 175% 200% 300% 400% Text Edge Style None Raised Depressed Uniform Dropshadow Font Family Proportional Sans-Serif Monospace Sans-Serif Proportional Serif Monospace Serif Casual Script Small Caps Reset restore all settings to the default values Done Close Modal Dialog End of dialog window. Backward Skip 10s Play Video Pause Video Forward Skip 10s 100자평 도움말 삭제기준 AI 추천 오늘의 멤버십 김신영의 스테이블코인 스터디 “미국이 정해주마”… 통과 임박 ‘클래리티법’이 푼 가상자산 5대 난제 김한수의 @쉼 간절한 소원 담아 쌓은 돌탑, 태풍에 다 쓸려가자 백담사 스님 曰 AI 추천 오늘의 멤버십 김신영의 스테이블코인 스터디 “미국이 정해주마”… 통과 임박 ‘클래리티법’이 푼 가상자산 5대 난제 김한수의 @쉼 간절한 소원 담아 쌓은 돌탑, 태풍에 다 쓸려가자 백담사 스님 曰 AI 추천 오늘의 멤버십 김신영의 스테이블코인 스터디 “미국이 정해주마”… 통과 임박 ‘클래리티법’이 푼 가상자산 5대 난제 김한수의 @쉼 간절한 소원 담아 쌓은 돌탑, 태풍에 다 쓸려가자 백담사 스님 曰 By Taboola By Taboola 당신이 좋아할 만한 콘텐츠 AD 초고화질 그래픽으로 구현된 광활한 우주 전선을 지금 탐험하세요. 파운데이션: 우주 전선 지금 플레이하기 돌아가기 AD ""당뇨"" 심각환자... 혈당 뚝 낮춰주었던 1가지 습관 김여사 더 알아보기 돌아가기 유나, '황금 골반' 드러낸 과감 수영복핏..ITZY 완전체 민낯 공개 돌아가기 '김부장' 최대훈, ♥아내는 '세계 미인대회 3위' 장윤서..일·사랑 다가졌다[핫피플] 돌아가기 AD 당수치 뚝 떨어트린 고혈당 환자... 중요했던 1가지 습관 김여사 더 알아보기 돌아가기 AD 몸속 꽉찬 '찐득지방', 미친듯이 싹~ 녹인 [고현정 폭풍감량비결] ""이것"" (+백만뷰) 연예인 폭풍감량비법 - 슬림웨이 더 알아보기 돌아가기 조선경제 많이 본 뉴스 네이버 별점 5년 만에 부활… 자영업자는 속이 탄다 네이버가 식당과 카페 같은 장소를 소비자가 별점으로 평가하는 제도를 5년여 만에 부활시키면서, 자영업자들 사이에서 불안이 확산하고 있다... 폴크스바겐, 10만명 감원 추진… 자동차업계 사상 최대 구조조정 독일 폴크스바겐그룹이 전 세계 직원의 15%에 달하는 최대 10만명을 줄이는 구조조정을 추진하는 것으로 알려졌다. 독일 공장 4곳을 추... 폴크스바겐, 10만명 감원 추진… 자동차업계 사상 최대 구조조정 독일 폴크스바겐그룹이 전 세계 직원의 15%에 달하는 최대 10만명을 줄이는 구조조정을 추진하는 것으로 알려졌다. 독일 공장 4곳을 추... By Taboola By Taboola 지금 뜨는 콘텐츠 AD 고현정 '폭풍감량' 비결로 난리! ‘체지방' 녹이는 신소재 ‘이것‘ 뭐길래?!! 고현정 슬림웨이 다이어트 돌아가기 AD 충격! 발톱무좀이라면 모르면 절대안되는 팩트! 하루만 버티자 돌아가기 기성용, ♥한혜진과 결혼 13주년 '만삭' 사진 공개..""나만 늙었다"" 돌아가기 '심혜진 친조카' 심재원 ""19살에 母 별세..이모가 빈자리 다 메꿔줘"" 뭉클 가족사 ('조선의 사랑꾼') 돌아가기",https://www.chosun.com/economy/economy_general/2026/07/10/MFSTCYZZMUZWIMBQGY3DMZBTMM/
"이종석·아이유, 친구→연인→다시 동료로..14년 인연 타임라인 [Oh!쎈 이슈]",,"OSEN 입력 2026.07.10. 16:42 업데이트 2026.07.10. 16:44 0 [OSEN=지민경 기자] 배우 이종석과 가수 겸 배우 아이유가 4년간의 공개 열애를 끝내고 각자의 길을 걷게 됐다. 2012년 음악 프로그램 MC로 처음 인연을 맺은 뒤, 오랜 우정을 거쳐 연인으로 발전하며 대중의 큰 응원을 받았던 두 사람은 결국 14년 만에 다시 좋은 동료로 돌아가게 됐다. 10일 이종석의 소속사 에이스팩토리 측은 “(이종석과 아이유가) 결별한 것이 맞다. 좋은 동료로 남기로 했다”고 공식 입장을 밝혔다. 결별 사유에 대해서는 “배우 개인의 사생활인 만큼 이외의 답변은 어려운 점 양해 부탁드린다”고 말을 아꼈다. 두 사람의 14년 인연은 2012년 SBS '인기가요' 공동 MC를 맡으며 처음 시작됐다. 당시 적극적으로 분장 아이디어를 냈던 아이유와 이를 다소 민망해했던 이종석은 방송 후 오해를 풀며 연예계 대표 절친으로 자리 잡았다. 이후 오랜 시간 친한 동료로 지내오던 두 사람의 관계는 2022년 10월 이종석 동생의 결혼식에 아이유가 축가를 부른 사실이 알려지며 핑크빛 기류로 재조명받았다. 이어 그해 12월 30일 열린 '2022 MBC 연기대상'에서 대상을 품에 안은 이종석이 수상소감을 통해 “군 복무를 마치고 많은 고민과 두려움과 괴로움들이 많았는데, 그때 어떤 인간적으로 좋은 방향성과 긍정적인 생각을 하게끔 도와주신 분이 있었다. 그분께 이 자리를 통해 꼭 하고 싶은 이야기가 있었다. 항상 그렇게 멋져줘서 너무 고맙고, 내가 아주 오랫동안 많이 좋아했다고, 너무 존경한다고 전하고 싶다”고 고백해 세상을 들썩이게 했다. 다음 날인 12월 31일, 양측 소속사는 열애 사실을 공식 인정했다. 이종석 측은 “이종석 배우는 아이유 씨와 친한 동료 관계에서 최근 연인 사이로 발전해 진지한 만남을 이어가고 있다”며 “예쁜 사랑을 이어갈 수 있도록 많은 응원 부탁드린다”고 전했다. 아이유 측 역시 “아이유와 이종석은 친한 동료 사이에서 최근 좋은 만남으로 발전했다”며 “팬 여러분들의 따뜻한 시선 부탁드린다”고 입장을 밝히며 톱스타 커플의 탄생을 알렸다. 공개 열애를 시작한 이후 이들은 조용하지만 단단하게 서로를 응원하는 사랑꾼 행보를 보였다. 이종석은 일상에서 아이유의 한정판 굿즈 모자와 그립톡을 착용하는가 하면, 2024년 아이유의 단독 콘서트와 월드투어 앙코르 콘서트 객석에 어김없이 등장해 든든한 외조를 보여줬다. 하지만 두 사람은 여러차례 결별설에 시달리기도 했다. 특히  지난 5월 아이유가 생일날 이종석이 아닌 지인들과 식사 자리를 갖는 모습이 포착되며 또 한 번 결별설이 불거졌다. 당시 측근은 “아직도 잘 만나고 있다”고 일축했으나 두 사람은 서로의 바쁜 일정 등 속에서 결국 각자의 길을 걷게 됐다. 긍정적인 에너지를 주고받았던 두 사람은 이제 연인에서 다시 든든한 연예계 동료로 돌아가 서로의 앞날을 응원하게 됐다. 비록 4년간의 로맨스는 끝을 맺었지만, 14년이라는 긴 시간 동안 친구로, 연인으로 서로의 성장을 지켜본 이종석과 아이유가 각자의 자리에서 이어갈 열일 행보에 여전한 응원의 목소리가 쏟아지고 있다. /mk3244@osen.co.kr [사진] OSEN DB, 영상 캡쳐 영문 기사 보기 (View English Article) Video Player is loading. Pause Next Unmute Current Time 0:03 / Duration 1:37 Loaded : 41.21% 0:03 Stream Type LIVE Seek to live, currently behind live LIVE Remaining Time - 1:34 1x Playback Rate Chapters Chapters Descriptions descriptions off , selected Subtitles subtitles settings , opens subtitles settings dialog subtitles off , selected Audio Track Ladin , selected Fullscreen This is a modal window. Beginning of dialog window. Escape will cancel and close the window. Text Color White Black Red Green Blue Yellow Magenta Cyan Transparency Opaque Semi-Transparent Background Color Black White Red Green Blue Yellow Magenta Cyan Transparency Opaque Semi-Transparent Transparent Window Color Black White Red Green Blue Yellow Magenta Cyan Transparency Transparent Semi-Transparent Opaque Font Size 50% 75% 100% 125% 150% 175% 200% 300% 400% Text Edge Style None Raised Depressed Uniform Dropshadow Font Family Proportional Sans-Serif Monospace Sans-Serif Proportional Serif Monospace Serif Casual Script Small Caps Reset restore all settings to the default values Done Close Modal Dialog End of dialog window. Backward Skip 10s Play Video Pause Video Forward Skip 10s 100자평 도움말 삭제기준 AI 추천 오늘의 멤버십 김한수의 @쉼 간절한 소원 담아 쌓은 돌탑, 태풍에 다 쓸려가자 백담사 스님 曰 김신영의 스테이블코인 스터디 “미국이 정해주마”… 통과 임박 ‘클래리티법’이 푼 가상자산 5대 난제 AI 추천 오늘의 멤버십 김한수의 @쉼 간절한 소원 담아 쌓은 돌탑, 태풍에 다 쓸려가자 백담사 스님 曰 김신영의 스테이블코인 스터디 “미국이 정해주마”… 통과 임박 ‘클래리티법’이 푼 가상자산 5대 난제 AI 추천 오늘의 멤버십 김한수의 @쉼 간절한 소원 담아 쌓은 돌탑, 태풍에 다 쓸려가자 백담사 스님 曰 김신영의 스테이블코인 스터디 “미국이 정해주마”… 통과 임박 ‘클래리티법’이 푼 가상자산 5대 난제 By Taboola By Taboola 당신이 좋아할 만한 콘텐츠 AD 초고화질 그래픽으로 구현된 광활한 우주 전선을 지금 탐험하세요. 파운데이션: 우주 전선 지금 플레이하기 돌아가기 AD 당수치 뚝 떨어트린 고혈당 환자... 중요했던 1가지 습관 김여사 더 알아보기 돌아가기 유나, '황금 골반' 드러낸 과감 수영복핏..ITZY 완전체 민낯 공개 돌아가기 기성용, ♥한혜진과 결혼 13주년 '만삭' 사진 공개..""나만 늙었다"" 돌아가기 AD ""당뇨"" 심각환자... 혈당 뚝 낮춰주었던 1가지 습관 김여사 더 알아보기 돌아가기 AD 고현정 '폭풍감량' 비결로 난리! ‘체지방' 녹이는 신소재 ‘이것‘ 뭐길래?!! 고현정 슬림웨이 다이어트 더 알아보기 돌아가기 연예 많이 본 뉴스 이경실, 부산행 KTX 민폐 사과 ""조용해 달라는 지적 받아..이성 잃었다"" [OSEN=하수정 기자] 코미디언 이경실이 부산행 KTX에서 소음을 지적받은 것에 대해 사과했다.이경실은 9일 ""정말 아주 오랜만에 대... 이종석·아이유, 4년 열애 끝 결별… 결별 사유 함구 ""좋은 동료로"" [공식입장] [OSEN=장우영 기자] 배우 이종석와 아이유가 4년 열애 끝에 결별했다. 10일 이종석의 소속사 에이스팩토리 측은 OSEN에 “(이종... 이종석·아이유, 4년 열애 끝 결별… 결별 사유 함구 ""좋은 동료로"" [공식입장] [OSEN=장우영 기자] 배우 이종석와 아이유가 4년 열애 끝에 결별했다. 10일 이종석의 소속사 에이스팩토리 측은 OSEN에 “(이종... By Taboola By Taboola 지금 뜨는 콘텐츠 AD 미국 유학 중인 자녀를 위해 영주권 취득이 꼭 필요한 이유 클럽이민 돌아가기 AD 충격! 발톱무좀이라면 모르면 절대안되는 팩트! 하루만 버티자 돌아가기 '김부장' 최대훈, ♥아내는 '세계 미인대회 3위' 장윤서..일·사랑 다가졌다[핫피플] 돌아가기 NCT 재현, 휴가 영상 열애설 해명…“사랑하는 사촌동생” 돌아가기",https://www.chosun.com/entertainments/music/2026/07/10/GUZDGZRWGY3DQMBRMQ2TEZBTGQ/
